SET FOREIGN_KEY_CHECKS=0;

-- data for table `computerassets`
INSERT INTO `computerassets` (`RoomID`, `PCNumber`, `InstalledAt`, `RetiredAt`, `MakeModel`, `SerialNumber`, `CPU`, `GPU`, `RAM_GB`, `Storage_GB`, `MonitorModel`, `MonitorSerial`, `UPSModel`, `UPSSerial`, `CreatedBy`, `CreatedAt`) VALUES
('MPO310', '00', '2018-04-17 00:00:00.000', NULL, 'Dell OptiPlex 5000', 'SN-241618', 'Intel Core i7-12700', 'AMD Radeon RX 6400', 16, 1024, 'Dell P2422H', 'MS-3683', 'APC BVX700', 'UPS-8147', 1, '2025-07-08 18:54:39.000'),
('MPO310', '00', '2015-04-18 00:00:00.000', NULL, 'HP EliteDesk 800', 'SN-191421', 'Intel Core i7-12700', 'NVIDIA T1000', 8, 256, 'HP 24mh', 'MS-9785', 'CyberPower CP850', 'UPS-6583', 1, '2025-07-08 18:54:39.000'),
('MPO310', '00', '2025-05-04 00:00:00.000', NULL, 'Dell OptiPlex 5000', 'SN-726628', 'Intel Core i7-12700', 'Intel UHD 770', 8, 512, 'LG 24MP59G', 'MS-8345', 'APC BVX700', 'UPS-1719', 1, '2025-07-08 18:54:39.000'),
('MPO310', '01', '2025-04-25 00:00:00.000', NULL, 'HP EliteDesk 800', 'SN-818103', 'AMD Ryzen 5 5600X', 'AMD Radeon RX 6400', 32, 1024, 'HP 24mh', 'MS-9529', 'CyberPower CP850', 'UPS-7136', 1, '2025-07-08 18:54:39.000'),
('MPO310', '01', '2015-07-09 00:00:00.000', NULL, 'Dell OptiPlex 5000', 'SN-232382', 'Intel Core i5-13600', 'NVIDIA T1000', 16, 1024, 'HP 24mh', 'MS-5347', 'CyberPower CP850', 'UPS-1602', 1, '2025-07-08 18:54:39.000'),
('MPO310', '01', '2019-09-17 00:00:00.000', NULL, 'HP EliteDesk 800', 'SN-647010', 'Intel Core i7-12700', 'Intel UHD 770', 32, 1024, 'LG 24MP59G', 'MS-6165', 'APC BVX700', 'UPS-7524', 1, '2025-07-08 18:54:39.000'),
('MPO310', '02', '2017-11-10 00:00:00.000', NULL, 'Dell OptiPlex 5000', 'SN-988502', 'AMD Ryzen 5 5600X', 'Intel UHD 770', 32, 256, 'HP 24mh', 'MS-5290', 'APC BVX700', 'UPS-6487', 1, '2025-07-08 18:54:39.000'),
('MPO310', '02', '2019-11-22 00:00:00.000', NULL, 'HP EliteDesk 800', 'SN-176850', 'AMD Ryzen 5 5600X', 'NVIDIA T1000', 16, 1024, 'HP 24mh', 'MS-1267', 'APC BVX700', 'UPS-2444', 1, '2025-07-08 18:54:39.000'),
('MPO310', '02', '2024-07-10 00:00:00.000', NULL, 'HP EliteDesk 800', 'SN-113452', 'Intel Core i7-12700', 'Intel UHD 770', 16, 1024, 'LG 24MP59G', 'MS-1978', 'CyberPower CP850', 'UPS-9106', 1, '2025-07-08 18:54:39.000'),
('MPO310', '03', '2016-04-22 00:00:00.000', NULL, 'HP EliteDesk 800', 'SN-286216', 'Intel Core i5-13600', 'AMD Radeon RX 6400', 16, 512, 'HP 24mh', 'MS-1723', 'APC BVX700', 'UPS-3207', 1, '2025-07-08 18:54:39.000'),
('MPO310', '03', '2024-06-18 00:00:00.000', NULL, 'Dell OptiPlex 5000', 'SN-635109', 'Intel Core i7-12700', 'AMD Radeon RX 6400', 8, 256, 'HP 24mh', 'MS-1140', 'CyberPower CP850', 'UPS-2203', 1, '2025-07-08 18:54:39.000'),
('MPO310', '03', '2020-07-23 00:00:00.000', NULL, 'Dell OptiPlex 5000', 'SN-122029', 'Intel Core i7-12700', 'NVIDIA T1000', 32, 512, 'HP 24mh', 'MS-7887', 'APC BVX700', 'UPS-2779', 1, '2025-07-08 18:54:39.000'),
('MPO310', '04', '2018-12-02 00:00:00.000', NULL, 'HP EliteDesk 800', 'SN-167367', 'AMD Ryzen 5 5600X', 'AMD Radeon RX 6400', 8, 512, 'LG 24MP59G', 'MS-4849', 'APC BVX700', 'UPS-1936', 1, '2025-07-08 18:54:39.000'),
('MPO310', '04', '2025-04-02 00:00:00.000', NULL, 'HP EliteDesk 800', 'SN-663647', 'Intel Core i7-12700', 'Intel UHD 770', 32, 512, 'HP 24mh', 'MS-7037', 'APC BVX700', 'UPS-9764', 1, '2025-07-08 18:54:39.000'),
('MPO310', '04', '2017-04-07 00:00:00.000', NULL, 'Dell OptiPlex 5000', 'SN-438121', 'Intel Core i7-12700', 'NVIDIA T1000', 8, 1024, 'HP 24mh', 'MS-7784', 'CyberPower CP850', 'UPS-1389', 1, '2025-07-08 18:54:39.000'),
('MPO310', '05', '2021-11-21 00:00:00.000', NULL, 'HP EliteDesk 800', 'SN-641948', 'AMD Ryzen 5 5600X', 'AMD Radeon RX 6400', 8, 512, 'LG 24MP59G', 'MS-2716', 'CyberPower CP850', 'UPS-4684', 1, '2025-07-08 18:54:39.000'),
('MPO310', '05', '2016-11-22 00:00:00.000', NULL, 'Dell OptiPlex 5000', 'SN-760201', 'Intel Core i5-13600', 'AMD Radeon RX 6400', 16, 512, 'Dell P2422H', 'MS-3228', 'CyberPower CP850', 'UPS-1337', 1, '2025-07-08 18:54:39.000'),
('MPO310', '05', '2019-12-17 00:00:00.000', NULL, 'HP EliteDesk 800', 'SN-874315', 'AMD Ryzen 5 5600X', 'AMD Radeon RX 6400', 32, 1024, 'HP 24mh', 'MS-5977', 'CyberPower CP850', 'UPS-1462', 1, '2025-07-08 18:54:39.000'),
('MPO310', '06', '2016-11-27 00:00:00.000', NULL, 'Dell OptiPlex 5000', 'SN-384951', 'AMD Ryzen 5 5600X', 'Intel UHD 770', 8, 512, 'HP 24mh', 'MS-7523', 'APC BVX700', 'UPS-9200', 1, '2025-07-08 18:54:39.000'),
('MPO310', '06', '2018-06-14 00:00:00.000', NULL, 'Dell OptiPlex 5000', 'SN-629668', 'Intel Core i5-13600', 'Intel UHD 770', 8, 512, 'LG 24MP59G', 'MS-4783', 'APC BVX700', 'UPS-6194', 1, '2025-07-08 18:54:39.000'),
('MPO310', '06', '2021-06-21 00:00:00.000', NULL, 'HP EliteDesk 800', 'SN-681471', 'AMD Ryzen 5 5600X', 'Intel UHD 770', 32, 256, 'HP 24mh', 'MS-9065', 'CyberPower CP850', 'UPS-1462', 1, '2025-07-08 18:54:39.000'),
('MPO310', '07', '2022-12-04 00:00:00.000', NULL, 'Dell OptiPlex 5000', 'SN-960333', 'Intel Core i5-13600', 'NVIDIA T1000', 8, 512, 'HP 24mh', 'MS-9199', 'CyberPower CP850', 'UPS-3865', 1, '2025-07-08 18:54:39.000'),
('MPO310', '07', '2016-06-10 00:00:00.000', NULL, 'HP EliteDesk 800', 'SN-457062', 'Intel Core i7-12700', 'Intel UHD 770', 32, 256, 'LG 24MP59G', 'MS-1097', 'CyberPower CP850', 'UPS-6626', 1, '2025-07-08 18:54:39.000'),
('MPO310', '07', '2018-09-08 00:00:00.000', NULL, 'Dell OptiPlex 5000', 'SN-478164', 'Intel Core i7-12700', 'NVIDIA T1000', 32, 512, 'HP 24mh', 'MS-6876', 'APC BVX700', 'UPS-8357', 1, '2025-07-08 18:54:39.000'),
('MPO310', '08', '2017-02-09 00:00:00.000', NULL, 'HP EliteDesk 800', 'SN-172518', 'Intel Core i7-12700', 'Intel UHD 770', 16, 1024, 'LG 24MP59G', 'MS-6279', 'APC BVX700', 'UPS-7235', 1, '2025-07-08 18:54:39.000'),
('MPO310', '08', '2018-04-16 00:00:00.000', NULL, 'HP EliteDesk 800', 'SN-413014', 'Intel Core i5-13600', 'NVIDIA T1000', 32, 1024, 'HP 24mh', 'MS-4975', 'CyberPower CP850', 'UPS-5356', 1, '2025-07-08 18:54:39.000'),
('MPO310', '08', '2023-06-19 00:00:00.000', NULL, 'HP EliteDesk 800', 'SN-360480', 'AMD Ryzen 5 5600X', 'NVIDIA T1000', 32, 1024, 'HP 24mh', 'MS-6524', 'APC BVX700', 'UPS-3985', 1, '2025-07-08 18:54:39.000'),
('MPO310', '09', '2018-10-17 00:00:00.000', NULL, 'HP EliteDesk 800', 'SN-487743', 'Intel Core i5-13600', 'AMD Radeon RX 6400', 8, 512, 'LG 24MP59G', 'MS-5730', 'APC BVX700', 'UPS-6253', 1, '2025-07-08 18:54:39.000'),
('MPO310', '09', '2025-02-03 00:00:00.000', NULL, 'HP EliteDesk 800', 'SN-338631', 'AMD Ryzen 5 5600X', 'Intel UHD 770', 16, 512, 'Dell P2422H', 'MS-7816', 'CyberPower CP850', 'UPS-7962', 1, '2025-07-08 18:54:39.000'),
('MPO310', '09', '2015-09-10 00:00:00.000', NULL, 'Dell OptiPlex 5000', 'SN-548916', 'AMD Ryzen 5 5600X', 'NVIDIA T1000', 32, 256, 'HP 24mh', 'MS-9767', 'APC BVX700', 'UPS-8705', 1, '2025-07-08 18:54:39.000'),
('MPO310', '10', '2024-02-16 00:00:00.000', NULL, 'HP EliteDesk 800', 'SN-946593', 'Intel Core i5-13600', 'AMD Radeon RX 6400', 8, 1024, 'HP 24mh', 'MS-7658', 'CyberPower CP850', 'UPS-2817', 1, '2025-07-08 18:54:39.000'),
('MPO310', '10', '2019-02-02 00:00:00.000', NULL, 'HP EliteDesk 800', 'SN-624118', 'Intel Core i7-12700', 'Intel UHD 770', 16, 1024, 'Dell P2422H', 'MS-2691', 'CyberPower CP850', 'UPS-9928', 1, '2025-07-08 18:54:39.000'),
('MPO310', '10', '2015-03-30 00:00:00.000', NULL, 'Dell OptiPlex 5000', 'SN-620942', 'AMD Ryzen 5 5600X', 'Intel UHD 770', 8, 256, 'HP 24mh', 'MS-9597', 'APC BVX700', 'UPS-9703', 1, '2025-07-08 18:54:39.000'),
('MPO310', '11', '2024-01-26 00:00:00.000', NULL, 'Dell OptiPlex 5000', 'SN-143874', 'Intel Core i5-13600', 'AMD Radeon RX 6400', 16, 1024, 'HP 24mh', 'MS-4046', 'CyberPower CP850', 'UPS-2846', 1, '2025-07-08 18:54:39.000'),
('MPO310', '11', '2019-03-10 00:00:00.000', NULL, 'Dell OptiPlex 5000', 'SN-139381', 'Intel Core i5-13600', 'Intel UHD 770', 8, 512, 'Dell P2422H', 'MS-1179', 'CyberPower CP850', 'UPS-6274', 1, '2025-07-08 18:54:39.000'),
('MPO310', '11', '2015-05-04 00:00:00.000', NULL, 'HP EliteDesk 800', 'SN-898696', 'AMD Ryzen 5 5600X', 'NVIDIA T1000', 32, 512, 'Dell P2422H', 'MS-9080', 'APC BVX700', 'UPS-4186', 1, '2025-07-08 18:54:39.000'),
('MPO310', '12', '2019-03-31 00:00:00.000', NULL, 'HP EliteDesk 800', 'SN-509650', 'AMD Ryzen 5 5600X', 'Intel UHD 770', 16, 256, 'HP 24mh', 'MS-1697', 'CyberPower CP850', 'UPS-3281', 1, '2025-07-08 18:54:39.000'),
('MPO310', '12', '2016-08-01 00:00:00.000', NULL, 'HP EliteDesk 800', 'SN-322309', 'AMD Ryzen 5 5600X', 'Intel UHD 770', 32, 512, 'Dell P2422H', 'MS-8633', 'APC BVX700', 'UPS-7787', 1, '2025-07-08 18:54:39.000'),
('MPO310', '12', '2023-09-02 00:00:00.000', NULL, 'Dell OptiPlex 5000', 'SN-232098', 'Intel Core i5-13600', 'NVIDIA T1000', 16, 1024, 'LG 24MP59G', 'MS-1285', 'CyberPower CP850', 'UPS-9533', 1, '2025-07-08 18:54:39.000'),
('MPO310', '13', '2016-12-23 00:00:00.000', NULL, 'HP EliteDesk 800', 'SN-480415', 'Intel Core i5-13600', 'NVIDIA T1000', 8, 256, 'LG 24MP59G', 'MS-2554', 'CyberPower CP850', 'UPS-2356', 1, '2025-07-08 18:54:39.000'),
('MPO310', '13', '2019-02-26 00:00:00.000', NULL, 'HP EliteDesk 800', 'SN-288530', 'Intel Core i7-12700', 'Intel UHD 770', 16, 256, 'Dell P2422H', 'MS-3663', 'APC BVX700', 'UPS-6423', 1, '2025-07-08 18:54:39.000'),
('MPO310', '13', '2021-03-08 00:00:00.000', NULL, 'Dell OptiPlex 5000', 'SN-253521', 'Intel Core i5-13600', 'NVIDIA T1000', 16, 256, 'LG 24MP59G', 'MS-7630', 'APC BVX700', 'UPS-1923', 1, '2025-07-08 18:54:39.000'),
('MPO310', '14', '2024-10-02 00:00:00.000', NULL, 'HP EliteDesk 800', 'SN-462340', 'Intel Core i5-13600', 'Intel UHD 770', 8, 1024, 'Dell P2422H', 'MS-2807', 'APC BVX700', 'UPS-5719', 1, '2025-07-08 18:54:39.000'),
('MPO310', '14', '2015-11-07 00:00:00.000', NULL, 'Dell OptiPlex 5000', 'SN-583744', 'AMD Ryzen 5 5600X', 'Intel UHD 770', 8, 1024, 'Dell P2422H', 'MS-6880', 'CyberPower CP850', 'UPS-4380', 1, '2025-07-08 18:54:39.000'),
('MPO310', '14', '2019-05-05 00:00:00.000', NULL, 'Dell OptiPlex 5000', 'SN-922896', 'Intel Core i7-12700', 'NVIDIA T1000', 32, 256, 'Dell P2422H', 'MS-1156', 'CyberPower CP850', 'UPS-6363', 1, '2025-07-08 18:54:39.000'),
('MPO310', '15', '2016-04-25 00:00:00.000', NULL, 'Dell OptiPlex 5000', 'SN-684408', 'Intel Core i5-13600', 'AMD Radeon RX 6400', 32, 1024, 'HP 24mh', 'MS-7895', 'CyberPower CP850', 'UPS-7072', 1, '2025-07-08 18:54:39.000'),
('MPO310', '15', '2025-04-04 00:00:00.000', NULL, 'Dell OptiPlex 5000', 'SN-778013', 'Intel Core i7-12700', 'Intel UHD 770', 16, 1024, 'Dell P2422H', 'MS-6335', 'CyberPower CP850', 'UPS-2714', 1, '2025-07-08 18:54:39.000'),
('MPO310', '15', '2018-09-24 00:00:00.000', NULL, 'HP EliteDesk 800', 'SN-134835', 'AMD Ryzen 5 5600X', 'NVIDIA T1000', 16, 512, 'LG 24MP59G', 'MS-1053', 'CyberPower CP850', 'UPS-9296', 1, '2025-07-08 18:54:39.000'),
('MPO310', '16', '2022-01-12 00:00:00.000', NULL, 'Dell OptiPlex 5000', 'SN-243007', 'AMD Ryzen 5 5600X', 'AMD Radeon RX 6400', 8, 512, 'Dell P2422H', 'MS-2205', 'CyberPower CP850', 'UPS-1930', 1, '2025-07-08 18:54:39.000'),
('MPO310', '16', '2017-12-29 00:00:00.000', NULL, 'Dell OptiPlex 5000', 'SN-518457', 'AMD Ryzen 5 5600X', 'AMD Radeon RX 6400', 8, 256, 'Dell P2422H', 'MS-6869', 'CyberPower CP850', 'UPS-8878', 1, '2025-07-08 18:54:39.000'),
('MPO310', '16', '2019-08-04 00:00:00.000', NULL, 'Dell OptiPlex 5000', 'SN-506102', 'Intel Core i5-13600', 'NVIDIA T1000', 32, 256, 'LG 24MP59G', 'MS-3643', 'APC BVX700', 'UPS-6988', 1, '2025-07-08 18:54:39.000'),
('MPO310', '17', '2024-06-22 00:00:00.000', NULL, 'Dell OptiPlex 5000', 'SN-904624', 'Intel Core i7-12700', 'NVIDIA T1000', 16, 1024, 'Dell P2422H', 'MS-3167', 'CyberPower CP850', 'UPS-1005', 1, '2025-07-08 18:54:39.000'),
('MPO310', '17', '2016-06-05 00:00:00.000', NULL, 'HP EliteDesk 800', 'SN-236410', 'Intel Core i7-12700', 'NVIDIA T1000', 8, 1024, 'HP 24mh', 'MS-9510', 'APC BVX700', 'UPS-9764', 1, '2025-07-08 18:54:39.000'),
('MPO310', '17', '2018-09-05 00:00:00.000', NULL, 'HP EliteDesk 800', 'SN-400835', 'AMD Ryzen 5 5600X', 'AMD Radeon RX 6400', 16, 512, 'Dell P2422H', 'MS-1087', 'APC BVX700', 'UPS-2855', 1, '2025-07-08 18:54:39.000'),
('MPO310', '18', '2018-12-11 00:00:00.000', NULL, 'HP EliteDesk 800', 'SN-968291', 'Intel Core i7-12700', 'Intel UHD 770', 8, 256, 'LG 24MP59G', 'MS-7450', 'CyberPower CP850', 'UPS-1877', 1, '2025-07-08 18:54:39.000'),
('MPO310', '18', '2017-04-30 00:00:00.000', NULL, 'Dell OptiPlex 5000', 'SN-351639', 'Intel Core i5-13600', 'NVIDIA T1000', 8, 256, 'Dell P2422H', 'MS-9783', 'CyberPower CP850', 'UPS-7902', 1, '2025-07-08 18:54:39.000'),
('MPO310', '18', '2024-07-30 00:00:00.000', NULL, 'Dell OptiPlex 5000', 'SN-425407', 'Intel Core i7-12700', 'AMD Radeon RX 6400', 32, 1024, 'HP 24mh', 'MS-1371', 'APC BVX700', 'UPS-6048', 1, '2025-07-08 18:54:39.000'),
('MPO310', '19', '2022-03-19 00:00:00.000', NULL, 'Dell OptiPlex 5000', 'SN-560658', 'Intel Core i5-13600', 'AMD Radeon RX 6400', 16, 1024, 'Dell P2422H', 'MS-4411', 'APC BVX700', 'UPS-3558', 1, '2025-07-08 18:54:40.000'),
('MPO310', '19', '2019-04-01 00:00:00.000', NULL, 'Dell OptiPlex 5000', 'SN-570785', 'AMD Ryzen 5 5600X', 'Intel UHD 770', 16, 1024, 'LG 24MP59G', 'MS-8111', 'CyberPower CP850', 'UPS-2222', 1, '2025-07-08 18:54:40.000'),
('MPO310', '19', '2016-08-06 00:00:00.000', NULL, 'Dell OptiPlex 5000', 'SN-547716', 'Intel Core i5-13600', 'NVIDIA T1000', 8, 512, 'Dell P2422H', 'MS-3522', 'APC BVX700', 'UPS-1775', 1, '2025-07-08 18:54:40.000'),
('MPO310', '20', '2023-01-18 00:00:00.000', NULL, 'HP EliteDesk 800', 'SN-840075', 'Intel Core i7-12700', 'NVIDIA T1000', 16, 256, 'LG 24MP59G', 'MS-9669', 'APC BVX700', 'UPS-1038', 1, '2025-07-08 18:54:40.000'),
('MPO310', '20', '2017-12-11 00:00:00.000', NULL, 'Dell OptiPlex 5000', 'SN-848605', 'Intel Core i5-13600', 'NVIDIA T1000', 32, 512, 'LG 24MP59G', 'MS-7296', 'CyberPower CP850', 'UPS-3989', 1, '2025-07-08 18:54:40.000'),
('MPO310', '20', '2020-04-08 00:00:00.000', NULL, 'HP EliteDesk 800', 'SN-790042', 'AMD Ryzen 5 5600X', 'Intel UHD 770', 8, 256, 'Dell P2422H', 'MS-3494', 'APC BVX700', 'UPS-5947', 1, '2025-07-08 18:54:40.000'),
('MPO310', '21', '2015-10-22 00:00:00.000', NULL, 'Dell OptiPlex 5000', 'SN-576102', 'AMD Ryzen 5 5600X', 'Intel UHD 770', 32, 1024, 'HP 24mh', 'MS-1482', 'CyberPower CP850', 'UPS-5853', 1, '2025-07-08 18:54:40.000'),
('MPO310', '21', '2021-03-23 00:00:00.000', NULL, 'HP EliteDesk 800', 'SN-154932', 'AMD Ryzen 5 5600X', 'Intel UHD 770', 16, 512, 'HP 24mh', 'MS-3903', 'APC BVX700', 'UPS-2193', 1, '2025-07-08 18:54:40.000'),
('MPO310', '21', '2020-08-11 00:00:00.000', NULL, 'HP EliteDesk 800', 'SN-779362', 'AMD Ryzen 5 5600X', 'NVIDIA T1000', 32, 1024, 'LG 24MP59G', 'MS-6548', 'APC BVX700', 'UPS-3771', 1, '2025-07-08 18:54:40.000'),
('MPO310', '22', '2020-10-15 00:00:00.000', NULL, 'HP EliteDesk 800', 'SN-430619', 'AMD Ryzen 5 5600X', 'AMD Radeon RX 6400', 16, 1024, 'HP 24mh', 'MS-6535', 'CyberPower CP850', 'UPS-3891', 1, '2025-07-08 18:54:40.000'),
('MPO310', '22', '2016-04-19 00:00:00.000', NULL, 'HP EliteDesk 800', 'SN-242392', 'AMD Ryzen 5 5600X', 'AMD Radeon RX 6400', 32, 256, 'HP 24mh', 'MS-9612', 'APC BVX700', 'UPS-9605', 1, '2025-07-08 18:54:40.000'),
('MPO310', '22', '2022-04-27 00:00:00.000', NULL, 'Dell OptiPlex 5000', 'SN-864197', 'AMD Ryzen 5 5600X', 'Intel UHD 770', 32, 1024, 'LG 24MP59G', 'MS-3354', 'CyberPower CP850', 'UPS-1663', 1, '2025-07-08 18:54:40.000'),
('MPO310', '23', '2019-01-10 00:00:00.000', NULL, 'HP EliteDesk 800', 'SN-624427', 'AMD Ryzen 5 5600X', 'Intel UHD 770', 16, 256, 'HP 24mh', 'MS-6737', 'CyberPower CP850', 'UPS-4683', 1, '2025-07-08 18:54:40.000'),
('MPO310', '23', '2015-10-15 00:00:00.000', NULL, 'Dell OptiPlex 5000', 'SN-946449', 'AMD Ryzen 5 5600X', 'Intel UHD 770', 32, 1024, 'HP 24mh', 'MS-3929', 'APC BVX700', 'UPS-9333', 1, '2025-07-08 18:54:40.000'),
('MPO310', '23', '2021-05-17 00:00:00.000', NULL, 'HP EliteDesk 800', 'SN-882798', 'Intel Core i7-12700', 'NVIDIA T1000', 16, 256, 'LG 24MP59G', 'MS-8034', 'CyberPower CP850', 'UPS-2445', 1, '2025-07-08 18:54:40.000'),
('MPO310', '24', '2016-11-01 00:00:00.000', NULL, 'HP EliteDesk 800', 'SN-586374', 'Intel Core i5-13600', 'Intel UHD 770', 8, 1024, 'HP 24mh', 'MS-6982', 'CyberPower CP850', 'UPS-4904', 1, '2025-07-08 18:54:40.000'),
('MPO310', '24', '2023-05-28 00:00:00.000', NULL, 'Dell OptiPlex 5000', 'SN-465102', 'AMD Ryzen 5 5600X', 'Intel UHD 770', 16, 512, 'LG 24MP59G', 'MS-6091', 'APC BVX700', 'UPS-6668', 1, '2025-07-08 18:54:40.000'),
('MPO310', '24', '2020-09-02 00:00:00.000', NULL, 'HP EliteDesk 800', 'SN-797904', 'Intel Core i5-13600', 'Intel UHD 770', 8, 256, 'LG 24MP59G', 'MS-8352', 'APC BVX700', 'UPS-8682', 1, '2025-07-08 18:54:40.000'),
('MPO310', '25', '2020-10-20 00:00:00.000', NULL, 'Dell OptiPlex 5000', 'SN-937360', 'Intel Core i5-13600', 'Intel UHD 770', 16, 256, 'HP 24mh', 'MS-7794', 'CyberPower CP850', 'UPS-2916', 1, '2025-07-08 18:54:40.000'),
('MPO310', '25', '2016-02-26 00:00:00.000', NULL, 'Dell OptiPlex 5000', 'SN-223837', 'AMD Ryzen 5 5600X', 'Intel UHD 770', 32, 256, 'LG 24MP59G', 'MS-8963', 'CyberPower CP850', 'UPS-7548', 1, '2025-07-08 18:54:40.000'),
('MPO310', '25', '2023-03-22 00:00:00.000', NULL, 'Dell OptiPlex 5000', 'SN-476517', 'AMD Ryzen 5 5600X', 'NVIDIA T1000', 8, 256, 'HP 24mh', 'MS-2468', 'APC BVX700', 'UPS-7032', 1, '2025-07-08 18:54:40.000'),
('MPO310', '26', '2015-12-25 00:00:00.000', NULL, 'Dell OptiPlex 5000', 'SN-186405', 'Intel Core i5-13600', 'NVIDIA T1000', 32, 1024, 'HP 24mh', 'MS-8156', 'CyberPower CP850', 'UPS-1661', 1, '2025-07-08 18:54:40.000'),
('MPO310', '26', '2020-04-29 00:00:00.000', NULL, 'Dell OptiPlex 5000', 'SN-198480', 'Intel Core i7-12700', 'AMD Radeon RX 6400', 16, 512, 'LG 24MP59G', 'MS-6444', 'CyberPower CP850', 'UPS-6720', 1, '2025-07-08 18:54:40.000'),
('MPO310', '26', '2021-05-10 00:00:00.000', NULL, 'HP EliteDesk 800', 'SN-735112', 'Intel Core i5-13600', 'Intel UHD 770', 8, 512, 'HP 24mh', 'MS-9193', 'CyberPower CP850', 'UPS-1540', 1, '2025-07-08 18:54:40.000'),
('MPO310', '27', '2020-12-30 00:00:00.000', NULL, 'Dell OptiPlex 5000', 'SN-745538', 'Intel Core i7-12700', 'Intel UHD 770', 8, 512, 'Dell P2422H', 'MS-8796', 'APC BVX700', 'UPS-6114', 1, '2025-07-08 18:54:40.000'),
('MPO310', '27', '2016-02-24 00:00:00.000', NULL, 'HP EliteDesk 800', 'SN-431431', 'AMD Ryzen 5 5600X', 'NVIDIA T1000', 8, 512, 'LG 24MP59G', 'MS-8728', 'CyberPower CP850', 'UPS-4709', 1, '2025-07-08 18:54:40.000'),
('MPO310', '27', '2025-05-10 00:00:00.000', NULL, 'Dell OptiPlex 5000', 'SN-306449', 'Intel Core i7-12700', 'NVIDIA T1000', 16, 512, 'LG 24MP59G', 'MS-8322', 'CyberPower CP850', 'UPS-5418', 1, '2025-07-08 18:54:40.000'),
('MPO310', '28', '2025-05-11 00:00:00.000', NULL, 'HP EliteDesk 800', 'SN-283467', 'AMD Ryzen 5 5600X', 'Intel UHD 770', 32, 512, 'LG 24MP59G', 'MS-2358', 'CyberPower CP850', 'UPS-9973', 1, '2025-07-08 18:54:40.000'),
('MPO310', '28', '2017-06-12 00:00:00.000', NULL, 'HP EliteDesk 800', 'SN-183178', 'AMD Ryzen 5 5600X', 'NVIDIA T1000', 16, 256, 'LG 24MP59G', 'MS-6277', 'CyberPower CP850', 'UPS-9689', 1, '2025-07-08 18:54:40.000'),
('MPO310', '28', '2018-09-22 00:00:00.000', NULL, 'Dell OptiPlex 5000', 'SN-911843', 'Intel Core i5-13600', 'Intel UHD 770', 32, 512, 'LG 24MP59G', 'MS-8276', 'CyberPower CP850', 'UPS-4851', 1, '2025-07-08 18:54:40.000'),
('MPO310', '29', '2024-04-19 00:00:00.000', NULL, 'Dell OptiPlex 5000', 'SN-886598', 'Intel Core i7-12700', 'Intel UHD 770', 32, 512, 'Dell P2422H', 'MS-3963', 'APC BVX700', 'UPS-6456', 1, '2025-07-08 18:54:40.000'),
('MPO310', '29', '2020-05-01 00:00:00.000', NULL, 'Dell OptiPlex 5000', 'SN-268096', 'Intel Core i7-12700', 'NVIDIA T1000', 32, 256, 'LG 24MP59G', 'MS-4214', 'CyberPower CP850', 'UPS-4133', 1, '2025-07-08 18:54:40.000'),
('MPO310', '29', '2015-05-10 00:00:00.000', NULL, 'HP EliteDesk 800', 'SN-588415', 'AMD Ryzen 5 5600X', 'AMD Radeon RX 6400', 8, 256, 'HP 24mh', 'MS-3102', 'APC BVX700', 'UPS-5985', 1, '2025-07-08 18:54:40.000'),
('MPO310', '30', '2021-11-16 00:00:00.000', NULL, 'Dell OptiPlex 5000', 'SN-804540', 'Intel Core i7-12700', 'Intel UHD 770', 16, 256, 'LG 24MP59G', 'MS-7042', 'CyberPower CP850', 'UPS-1369', 1, '2025-07-08 18:54:40.000'),
('MPO310', '30', '2015-11-27 00:00:00.000', NULL, 'HP EliteDesk 800', 'SN-141432', 'Intel Core i5-13600', 'Intel UHD 770', 8, 512, 'Dell P2422H', 'MS-2369', 'APC BVX700', 'UPS-8566', 1, '2025-07-08 18:54:40.000'),
('MPO310', '30', '2020-06-10 00:00:00.000', NULL, 'Dell OptiPlex 5000', 'SN-199094', 'AMD Ryzen 5 5600X', 'AMD Radeon RX 6400', 8, 1024, 'LG 24MP59G', 'MS-4883', 'APC BVX700', 'UPS-7790', 1, '2025-07-08 18:54:40.000'),
('MPO310', '31', '2023-10-19 00:00:00.000', NULL, 'Dell OptiPlex 5000', 'SN-199033', 'Intel Core i7-12700', 'AMD Radeon RX 6400', 8, 1024, 'Dell P2422H', 'MS-9173', 'CyberPower CP850', 'UPS-4789', 1, '2025-07-08 18:54:40.000'),
('MPO310', '31', '2017-09-25 00:00:00.000', NULL, 'HP EliteDesk 800', 'SN-554247', 'Intel Core i7-12700', 'AMD Radeon RX 6400', 32, 256, 'LG 24MP59G', 'MS-3354', 'APC BVX700', 'UPS-4749', 1, '2025-07-08 18:54:40.000'),
('MPO310', '31', '2019-09-06 00:00:00.000', NULL, 'HP EliteDesk 800', 'SN-630338', 'Intel Core i5-13600', 'AMD Radeon RX 6400', 32, 1024, 'Dell P2422H', 'MS-3602', 'APC BVX700', 'UPS-4807', 1, '2025-07-08 18:54:40.000'),
('MPO310', '32', '2022-01-15 00:00:00.000', NULL, 'HP EliteDesk 800', 'SN-438896', 'AMD Ryzen 5 5600X', 'Intel UHD 770', 16, 1024, 'HP 24mh', 'MS-2570', 'CyberPower CP850', 'UPS-1399', 1, '2025-07-08 18:54:40.000'),
('MPO310', '32', '2019-02-23 00:00:00.000', NULL, 'Dell OptiPlex 5000', 'SN-109281', 'AMD Ryzen 5 5600X', 'AMD Radeon RX 6400', 8, 512, 'LG 24MP59G', 'MS-5956', 'CyberPower CP850', 'UPS-2163', 1, '2025-07-08 18:54:40.000'),
('MPO310', '32', '2016-04-19 00:00:00.000', NULL, 'HP EliteDesk 800', 'SN-852936', 'Intel Core i5-13600', 'NVIDIA T1000', 16, 1024, 'HP 24mh', 'MS-5358', 'APC BVX700', 'UPS-3481', 1, '2025-07-08 18:54:40.000'),
('MPO310', '33', '2021-01-19 00:00:00.000', NULL, 'HP EliteDesk 800', 'SN-492363', 'Intel Core i7-12700', 'NVIDIA T1000', 16, 256, 'Dell P2422H', 'MS-4936', 'APC BVX700', 'UPS-6445', 1, '2025-07-08 18:54:40.000'),
('MPO310', '33', '2015-10-17 00:00:00.000', NULL, 'HP EliteDesk 800', 'SN-450372', 'Intel Core i5-13600', 'NVIDIA T1000', 32, 1024, 'HP 24mh', 'MS-5954', 'APC BVX700', 'UPS-9111', 1, '2025-07-08 18:54:40.000'),
('MPO310', '33', '2020-09-09 00:00:00.000', NULL, 'HP EliteDesk 800', 'SN-490853', 'Intel Core i5-13600', 'Intel UHD 770', 16, 1024, 'HP 24mh', 'MS-5381', 'APC BVX700', 'UPS-2695', 1, '2025-07-08 18:54:40.000'),
('MPO310', '34', '2018-11-26 00:00:00.000', NULL, 'HP EliteDesk 800', 'SN-700874', 'Intel Core i7-12700', 'NVIDIA T1000', 32, 1024, 'HP 24mh', 'MS-1092', 'APC BVX700', 'UPS-8778', 1, '2025-07-08 18:54:40.000'),
('MPO310', '34', '2016-02-28 00:00:00.000', NULL, 'HP EliteDesk 800', 'SN-892526', 'Intel Core i5-13600', 'AMD Radeon RX 6400', 32, 256, 'LG 24MP59G', 'MS-8017', 'CyberPower CP850', 'UPS-7186', 1, '2025-07-08 18:54:40.000'),
('MPO310', '34', '2022-04-07 00:00:00.000', NULL, 'Dell OptiPlex 5000', 'SN-262283', 'AMD Ryzen 5 5600X', 'NVIDIA T1000', 16, 1024, 'LG 24MP59G', 'MS-6248', 'APC BVX700', 'UPS-8639', 1, '2025-07-08 18:54:40.000'),
('MPO310', '35', '2019-01-09 00:00:00.000', NULL, 'Dell OptiPlex 5000', 'SN-353706', 'AMD Ryzen 5 5600X', 'Intel UHD 770', 8, 1024, 'HP 24mh', 'MS-7575', 'CyberPower CP850', 'UPS-1922', 1, '2025-07-08 18:54:40.000'),
('MPO310', '35', '2016-11-20 00:00:00.000', NULL, 'HP EliteDesk 800', 'SN-800484', 'Intel Core i5-13600', 'Intel UHD 770', 8, 512, 'Dell P2422H', 'MS-5437', 'APC BVX700', 'UPS-9053', 1, '2025-07-08 18:54:40.000'),
('MPO310', '35', '2023-02-21 00:00:00.000', NULL, 'HP EliteDesk 800', 'SN-372258', 'AMD Ryzen 5 5600X', 'AMD Radeon RX 6400', 16, 256, 'Dell P2422H', 'MS-4804', 'CyberPower CP850', 'UPS-5950', 1, '2025-07-08 18:54:40.000'),
('MPO310', '36', '2022-01-31 00:00:00.000', NULL, 'Dell OptiPlex 5000', 'SN-120837', 'AMD Ryzen 5 5600X', 'Intel UHD 770', 8, 1024, 'LG 24MP59G', 'MS-9259', 'CyberPower CP850', 'UPS-9806', 1, '2025-07-08 18:54:40.000'),
('MPO310', '36', '2019-05-05 00:00:00.000', NULL, 'Dell OptiPlex 5000', 'SN-586857', 'Intel Core i7-12700', 'Intel UHD 770', 8, 1024, 'HP 24mh', 'MS-1667', 'CyberPower CP850', 'UPS-3150', 1, '2025-07-08 18:54:40.000'),
('MPO310', '36', '2015-07-08 00:00:00.000', NULL, 'HP EliteDesk 800', 'SN-276096', 'Intel Core i7-12700', 'NVIDIA T1000', 16, 1024, 'LG 24MP59G', 'MS-8886', 'APC BVX700', 'UPS-1907', 1, '2025-07-08 18:54:40.000'),
('MPO310', '37', '2017-10-13 00:00:00.000', NULL, 'HP EliteDesk 800', 'SN-769121', 'Intel Core i5-13600', 'NVIDIA T1000', 16, 1024, 'LG 24MP59G', 'MS-4257', 'APC BVX700', 'UPS-4153', 1, '2025-07-08 18:54:40.000'),
('MPO310', '37', '2018-03-13 00:00:00.000', NULL, 'Dell OptiPlex 5000', 'SN-756741', 'Intel Core i7-12700', 'NVIDIA T1000', 16, 512, 'Dell P2422H', 'MS-9828', 'CyberPower CP850', 'UPS-6255', 1, '2025-07-08 18:54:40.000'),
('MPO310', '37', '2021-09-16 00:00:00.000', NULL, 'Dell OptiPlex 5000', 'SN-260042', 'Intel Core i5-13600', 'NVIDIA T1000', 32, 256, 'HP 24mh', 'MS-2742', 'CyberPower CP850', 'UPS-1920', 1, '2025-07-08 18:54:40.000'),
('MPO310', '38', '2015-02-12 00:00:00.000', NULL, 'HP EliteDesk 800', 'SN-743936', 'AMD Ryzen 5 5600X', 'Intel UHD 770', 32, 1024, 'HP 24mh', 'MS-6555', 'APC BVX700', 'UPS-3806', 1, '2025-07-08 18:54:40.000'),
('MPO310', '38', '2019-02-06 00:00:00.000', NULL, 'HP EliteDesk 800', 'SN-773073', 'Intel Core i7-12700', 'Intel UHD 770', 16, 1024, 'LG 24MP59G', 'MS-6083', 'APC BVX700', 'UPS-6416', 1, '2025-07-08 18:54:40.000'),
('MPO310', '38', '2022-07-31 00:00:00.000', NULL, 'HP EliteDesk 800', 'SN-711859', 'AMD Ryzen 5 5600X', 'AMD Radeon RX 6400', 16, 1024, 'HP 24mh', 'MS-7047', 'CyberPower CP850', 'UPS-3592', 1, '2025-07-08 18:54:40.000'),
('MPO310', '39', '2020-03-16 00:00:00.000', NULL, 'HP EliteDesk 800', 'SN-775351', 'Intel Core i5-13600', 'Intel UHD 770', 16, 256, 'Dell P2422H', 'MS-4740', 'APC BVX700', 'UPS-3080', 1, '2025-07-08 18:54:40.000'),
('MPO310', '39', '2022-06-21 00:00:00.000', NULL, 'Dell OptiPlex 5000', 'SN-556560', 'Intel Core i5-13600', 'AMD Radeon RX 6400', 32, 512, 'HP 24mh', 'MS-4119', 'APC BVX700', 'UPS-2046', 1, '2025-07-08 18:54:40.000'),
('MPO310', '39', '2017-07-25 00:00:00.000', NULL, 'HP EliteDesk 800', 'SN-649694', 'Intel Core i5-13600', 'AMD Radeon RX 6400', 8, 256, 'LG 24MP59G', 'MS-8125', 'APC BVX700', 'UPS-6908', 1, '2025-07-08 18:54:40.000'),
('MPO310', '40', '2025-01-23 00:00:00.000', NULL, 'Dell OptiPlex 5000', 'SN-294096', 'Intel Core i7-12700', 'AMD Radeon RX 6400', 16, 512, 'LG 24MP59G', 'MS-2799', 'APC BVX700', 'UPS-9154', 1, '2025-07-08 18:54:40.000'),
('MPO310', '40', '2016-04-09 00:00:00.000', NULL, 'Dell OptiPlex 5000', 'SN-358863', 'Intel Core i5-13600', 'NVIDIA T1000', 16, 512, 'Dell P2422H', 'MS-7416', 'CyberPower CP850', 'UPS-2056', 1, '2025-07-08 18:54:40.000'),
('MPO310', '40', '2019-09-29 00:00:00.000', NULL, 'HP EliteDesk 800', 'SN-826706', 'Intel Core i5-13600', 'AMD Radeon RX 6400', 16, 256, 'HP 24mh', 'MS-4693', 'CyberPower CP850', 'UPS-9768', 1, '2025-07-08 18:54:40.000');

-- data for table `computers`
INSERT INTO `computers` (`RoomID`, `PCNumber`, `Status`, `LastUpdated`, `LastFixedAt`, `LastFixedBy`) VALUES
('MPO310', '00', 'Working', '2025-07-10 10:54:00.000', '2025-07-10 10:54:00.000', 2),
('MPO310', '01', 'Working', '2025-07-10 10:54:00.000', '2025-07-10 10:54:00.000', 2),
('MPO310', '02', 'Working', '2025-07-10 10:54:00.000', '2025-07-10 10:54:00.000', 2),
('MPO310', '03', 'Working', '2025-07-10 10:54:00.000', '2025-07-10 10:54:00.000', 2),
('MPO310', '04', 'Working', '2025-07-10 10:54:00.000', '2025-07-10 10:54:00.000', 2),
('MPO310', '05', 'Working', '2025-07-10 10:54:00.000', '2025-07-10 10:54:00.000', 2),
('MPO310', '06', 'Working', '2025-07-10 10:54:00.000', '2025-07-10 10:54:00.000', 2),
('MPO310', '07', 'Working', '2025-07-10 10:54:00.000', '2025-07-10 10:54:00.000', 2),
('MPO310', '08', 'Working', '2025-07-10 10:54:00.000', '2025-07-10 10:54:00.000', 2),
('MPO310', '09', 'Working', '2025-07-10 10:54:00.000', '2025-07-10 10:54:00.000', 2),
('MPO310', '10', 'Working', '2025-07-10 10:54:00.000', '2025-07-10 10:54:00.000', 2),
('MPO310', '11', 'Working', '2025-07-10 10:54:00.000', '2025-07-10 10:54:00.000', 2),
('MPO310', '12', 'Working', '2025-07-10 10:54:00.000', '2025-07-10 10:54:00.000', 2),
('MPO310', '13', 'Working', '2025-07-10 10:54:00.000', '2025-07-10 10:54:00.000', 2),
('MPO310', '14', 'Working', '2025-07-10 10:54:00.000', '2025-07-10 10:54:00.000', 2),
('MPO310', '15', 'Working', '2025-07-10 10:54:00.000', '2025-07-10 10:54:00.000', 2),
('MPO310', '16', 'Working', '2025-07-10 10:54:00.000', '2025-07-10 10:54:00.000', 2),
('MPO310', '17', 'Working', '2025-07-10 10:54:00.000', '2025-07-10 10:54:00.000', 2),
('MPO310', '18', 'Working', '2025-07-10 10:54:00.000', '2025-07-10 10:54:00.000', 2),
('MPO310', '19', 'Working', '2025-07-10 10:54:00.000', '2025-07-10 10:54:00.000', 2),
('MPO310', '20', 'Working', '2025-07-10 10:54:00.000', '2025-07-10 10:54:00.000', 2),
('MPO310', '21', 'Working', '2025-07-10 10:54:00.000', '2025-07-10 10:54:00.000', 2),
('MPO310', '22', 'Working', '2025-07-10 10:54:00.000', '2025-07-10 10:54:00.000', 2),
('MPO310', '23', 'Working', '2025-07-10 10:54:00.000', '2025-07-10 10:54:00.000', 2),
('MPO310', '24', 'Working', '2025-07-10 10:54:00.000', '2025-07-10 10:54:00.000', 2),
('MPO310', '25', 'Working', '2025-07-10 10:54:00.000', '2025-07-10 10:54:00.000', 2),
('MPO310', '26', 'Working', '2025-07-10 10:54:00.000', '2025-07-10 10:54:00.000', 2),
('MPO310', '27', 'Working', '2025-07-10 10:54:00.000', '2025-07-10 10:54:00.000', 2),
('MPO310', '28', 'Working', '2025-07-10 10:54:00.000', '2025-07-10 10:54:00.000', 2),
('MPO310', '29', 'Working', '2025-07-10 10:54:00.000', '2025-07-10 10:54:00.000', 2),
('MPO310', '30', 'Working', '2025-07-10 10:54:00.000', '2025-07-10 10:54:00.000', 2),
('MPO310', '31', 'Working', '2025-07-10 10:54:00.000', '2025-07-10 10:54:00.000', 2),
('MPO310', '32', 'Working', '2025-07-10 10:54:00.000', '2025-07-10 10:54:00.000', 2),
('MPO310', '33', 'Working', '2025-07-10 10:54:00.000', '2025-07-10 10:54:00.000', 2),
('MPO310', '34', 'Working', '2025-07-10 10:54:00.000', '2025-07-10 10:54:00.000', 2),
('MPO310', '35', 'Working', '2025-07-10 10:54:00.000', '2025-07-10 10:54:00.000', 2),
('MPO310', '36', 'Working', '2025-07-10 10:54:00.000', '2025-07-10 10:54:00.000', 2),
('MPO310', '37', 'Working', '2025-07-10 10:54:00.000', '2025-07-10 10:54:00.000', 2),
('MPO310', '38', 'Working', '2025-07-10 10:54:00.000', '2025-07-10 10:54:00.000', 2),
('MPO310', '39', 'Working', '2025-07-10 10:54:00.000', '2025-07-10 10:54:00.000', 2),
('MPO310', '40', 'Working', '2025-07-10 10:54:00.000', '2025-07-10 10:54:00.000', 2),
('MPO311', '00', 'Working', '2025-07-10 10:54:00.000', '2025-07-10 10:54:00.000', 2),
('MPO311', '01', 'Working', '2025-07-10 10:54:00.000', '2025-07-10 10:54:00.000', 2),
('MPO311', '02', 'Working', '2025-07-10 10:54:00.000', '2025-07-10 10:54:00.000', 2),
('MPO311', '03', 'Working', '2025-07-10 10:54:00.000', '2025-07-10 10:54:00.000', 2),
('MPO311', '04', 'Working', '2025-07-10 10:54:00.000', '2025-07-10 10:54:00.000', 2),
('MPO311', '05', 'Working', '2025-07-10 10:54:00.000', '2025-07-10 10:54:00.000', 2),
('MPO311', '06', 'Working', '2025-07-10 10:54:00.000', '2025-07-10 10:54:00.000', 2),
('MPO311', '07', 'Working', '2025-07-10 10:54:00.000', '2025-07-10 10:54:00.000', 2),
('MPO311', '08', 'Working', '2025-07-10 10:54:00.000', '2025-07-10 10:54:00.000', 2),
('MPO311', '09', 'Working', '2025-07-10 10:54:00.000', '2025-07-10 10:54:00.000', 2),
('MPO311', '10', 'Working', '2025-07-10 10:54:00.000', '2025-07-10 10:54:00.000', 2),
('MPO311', '11', 'Working', '2025-07-10 10:54:00.000', '2025-07-10 10:54:00.000', 2),
('MPO311', '12', 'Working', '2025-07-10 10:54:00.000', '2025-07-10 10:54:00.000', 2),
('MPO311', '13', 'Working', '2025-07-10 10:54:00.000', '2025-07-10 10:54:00.000', 2),
('MPO311', '14', 'Working', '2025-07-10 10:54:00.000', '2025-07-10 10:54:00.000', 2),
('MPO311', '15', 'Working', '2025-07-10 10:54:00.000', '2025-07-10 10:54:00.000', 2),
('MPO311', '16', 'Working', '2025-07-10 10:54:00.000', '2025-07-10 10:54:00.000', 2),
('MPO311', '17', 'Working', '2025-07-10 10:54:00.000', '2025-07-10 10:54:00.000', 2),
('MPO311', '18', 'Working', '2025-07-10 10:54:00.000', '2025-07-10 10:54:00.000', 2),
('MPO311', '19', 'Working', '2025-07-10 10:54:00.000', '2025-07-10 10:54:00.000', 2),
('MPO311', '20', 'Working', '2025-07-10 10:54:00.000', '2025-07-10 10:54:00.000', 2),
('MPO311', '21', 'Working', '2025-07-10 10:54:00.000', '2025-07-10 10:54:00.000', 2),
('MPO311', '22', 'Working', '2025-07-10 10:54:00.000', '2025-07-10 10:54:00.000', 2),
('MPO311', '23', 'Working', '2025-07-10 10:54:00.000', '2025-07-10 10:54:00.000', 2),
('MPO311', '24', 'Working', '2025-07-10 10:54:00.000', '2025-07-10 10:54:00.000', 2),
('MPO311', '25', 'Working', '2025-07-10 10:54:00.000', '2025-07-10 10:54:00.000', 2),
('MPO311', '26', 'Working', '2025-07-10 10:54:00.000', '2025-07-10 10:54:00.000', 2),
('MPO311', '27', 'Working', '2025-07-10 10:54:00.000', '2025-07-10 10:54:00.000', 2),
('MPO311', '28', 'Working', '2025-07-10 10:54:00.000', '2025-07-10 10:54:00.000', 2),
('MPO311', '29', 'Working', '2025-07-10 10:54:00.000', '2025-07-10 10:54:00.000', 2),
('MPO311', '30', 'Working', '2025-07-10 10:54:00.000', '2025-07-10 10:54:00.000', 2),
('MPO311', '31', 'Working', '2025-07-10 10:54:00.000', '2025-07-10 10:54:00.000', 2),
('MPO311', '32', 'Working', '2025-07-10 10:54:00.000', '2025-07-10 10:54:00.000', 2),
('MPO311', '33', 'Working', '2025-07-10 10:54:00.000', '2025-07-10 10:54:00.000', 2),
('MPO311', '34', 'Working', '2025-07-10 10:54:00.000', '2025-07-10 10:54:00.000', 2),
('MPO311', '35', 'Working', '2025-07-10 10:54:00.000', '2025-07-10 10:54:00.000', 2),
('MPO311', '36', 'Working', '2025-07-10 10:54:00.000', '2025-07-10 10:54:00.000', 2),
('MPO311', '37', 'Working', '2025-07-10 10:54:00.000', '2025-07-10 10:54:00.000', 2),
('MPO311', '38', 'Working', '2025-07-10 10:54:00.000', '2025-07-10 10:54:00.000', 2),
('MPO311', '39', 'Working', '2025-07-10 10:54:00.000', '2025-07-10 10:54:00.000', 2),
('MPO311', '40', 'Working', '2025-07-10 10:54:00.000', '2025-07-10 10:54:00.000', 2);

-- data for table `computerstatuslog`
INSERT INTO `computerstatuslog` (`RoomID`, `PCNumber`, `CheckDate`, `Status`, `Issues`, `UserID`, `LoggedAt`, `ServiceTicketID`) VALUES
('MPO310', '00', '2025-07-08 00:00:00.000', 'Working', NULL, 1, '2025-07-08 18:54:49.000', 'MPO310-00-Fixed-000000001'),
('MPO310', '01', '2025-07-08 00:00:00.000', 'Working', NULL, 1, '2025-07-08 18:54:49.000', 'MPO310-01-Fixed-000000002'),
('MPO310', '02', '2025-07-08 00:00:00.000', 'Working', NULL, 1, '2025-07-08 18:54:49.000', 'MPO310-02-Fixed-000000003'),
('MPO310', '03', '2025-07-08 00:00:00.000', 'Working', NULL, 1, '2025-07-08 18:54:49.000', 'MPO310-03-Fixed-000000004'),
('MPO310', '04', '2025-07-08 00:00:00.000', 'Working', NULL, 1, '2025-07-08 18:54:49.000', 'MPO310-04-Fixed-000000005'),
('MPO310', '05', '2025-07-08 00:00:00.000', 'Working', NULL, 1, '2025-07-08 18:54:49.000', 'MPO310-05-Fixed-000000006'),
('MPO310', '06', '2025-07-08 00:00:00.000', 'Working', NULL, 1, '2025-07-08 18:54:49.000', 'MPO310-06-Fixed-000000007'),
('MPO310', '07', '2025-07-08 00:00:00.000', 'Working', NULL, 1, '2025-07-08 18:54:49.000', 'MPO310-07-Fixed-000000008'),
('MPO310', '08', '2025-07-08 00:00:00.000', 'Working', NULL, 1, '2025-07-08 18:54:49.000', 'MPO310-08-Fixed-000000009'),
('MPO310', '09', '2025-07-08 00:00:00.000', 'Working', NULL, 1, '2025-07-08 18:54:49.000', 'MPO310-09-Fixed-000000010'),
('MPO310', '10', '2025-07-08 00:00:00.000', 'Working', NULL, 1, '2025-07-08 18:54:49.000', 'MPO310-10-Fixed-000000011'),
('MPO310', '11', '2025-07-08 00:00:00.000', 'Working', NULL, 1, '2025-07-08 18:54:49.000', 'MPO310-11-Fixed-000000012'),
('MPO310', '12', '2025-07-08 00:00:00.000', 'Working', NULL, 1, '2025-07-08 18:54:49.000', 'MPO310-12-Fixed-000000013'),
('MPO310', '13', '2025-07-08 00:00:00.000', 'Working', NULL, 1, '2025-07-08 18:54:49.000', 'MPO310-13-Fixed-000000014'),
('MPO310', '14', '2025-07-08 00:00:00.000', 'Working', NULL, 1, '2025-07-08 18:54:49.000', 'MPO310-14-Fixed-000000015'),
('MPO310', '15', '2025-07-08 00:00:00.000', 'Working', NULL, 1, '2025-07-08 18:54:49.000', 'MPO310-15-Fixed-000000016'),
('MPO310', '16', '2025-07-08 00:00:00.000', 'Working', NULL, 1, '2025-07-08 18:54:49.000', 'MPO310-16-Fixed-000000017'),
('MPO310', '17', '2025-07-08 00:00:00.000', 'Working', NULL, 1, '2025-07-08 18:54:49.000', 'MPO310-17-Fixed-000000018'),
('MPO310', '18', '2025-07-08 00:00:00.000', 'Working', NULL, 1, '2025-07-08 18:54:49.000', 'MPO310-18-Fixed-000000019'),
('MPO310', '19', '2025-07-08 00:00:00.000', 'Working', NULL, 1, '2025-07-08 18:54:49.000', 'MPO310-19-Fixed-000000020'),
('MPO310', '20', '2025-07-08 00:00:00.000', 'Working', NULL, 1, '2025-07-08 18:54:49.000', 'MPO310-20-Fixed-000000021'),
('MPO310', '21', '2025-07-08 00:00:00.000', 'Working', NULL, 1, '2025-07-08 18:54:49.000', 'MPO310-21-Fixed-000000022'),
('MPO310', '22', '2025-07-08 00:00:00.000', 'Working', NULL, 1, '2025-07-08 18:54:49.000', 'MPO310-22-Fixed-000000023'),
('MPO310', '23', '2025-07-08 00:00:00.000', 'Working', NULL, 1, '2025-07-08 18:54:49.000', 'MPO310-23-Fixed-000000024'),
('MPO310', '24', '2025-07-08 00:00:00.000', 'Working', NULL, 1, '2025-07-08 18:54:49.000', 'MPO310-24-Fixed-000000025'),
('MPO310', '25', '2025-07-08 00:00:00.000', 'Working', NULL, 1, '2025-07-08 18:54:49.000', 'MPO310-25-Fixed-000000026'),
('MPO310', '26', '2025-07-08 00:00:00.000', 'Working', NULL, 1, '2025-07-08 18:54:49.000', 'MPO310-26-Fixed-000000027'),
('MPO310', '27', '2025-07-08 00:00:00.000', 'Working', NULL, 1, '2025-07-08 18:54:49.000', 'MPO310-27-Fixed-000000028'),
('MPO310', '28', '2025-07-08 00:00:00.000', 'Working', NULL, 1, '2025-07-08 18:54:49.000', 'MPO310-28-Fixed-000000029'),
('MPO310', '29', '2025-07-08 00:00:00.000', 'Working', NULL, 1, '2025-07-08 18:54:49.000', 'MPO310-29-Fixed-000000030'),
('MPO310', '30', '2025-07-08 00:00:00.000', 'Working', NULL, 1, '2025-07-08 18:54:49.000', 'MPO310-30-Fixed-000000031'),
('MPO310', '31', '2025-07-08 00:00:00.000', 'Working', NULL, 1, '2025-07-08 18:54:49.000', 'MPO310-31-Fixed-000000032'),
('MPO310', '32', '2025-07-08 00:00:00.000', 'Working', NULL, 1, '2025-07-08 18:54:49.000', 'MPO310-32-Fixed-000000033'),
('MPO310', '33', '2025-07-08 00:00:00.000', 'Working', NULL, 1, '2025-07-08 18:54:49.000', 'MPO310-33-Fixed-000000034'),
('MPO310', '34', '2025-07-08 00:00:00.000', 'Working', NULL, 1, '2025-07-08 18:54:49.000', 'MPO310-34-Fixed-000000035'),
('MPO310', '35', '2025-07-08 00:00:00.000', 'Working', NULL, 1, '2025-07-08 18:54:49.000', 'MPO310-35-Fixed-000000036'),
('MPO310', '36', '2025-07-08 00:00:00.000', 'Working', NULL, 1, '2025-07-08 18:54:49.000', 'MPO310-36-Fixed-000000037'),
('MPO310', '37', '2025-07-08 00:00:00.000', 'Working', NULL, 1, '2025-07-08 18:54:49.000', 'MPO310-37-Fixed-000000038'),
('MPO310', '38', '2025-07-08 00:00:00.000', 'Working', NULL, 1, '2025-07-08 18:54:49.000', 'MPO310-38-Fixed-000000039'),
('MPO310', '39', '2025-07-08 00:00:00.000', 'Working', NULL, 1, '2025-07-08 18:54:49.000', 'MPO310-39-Fixed-000000040'),
('MPO310', '40', '2025-07-08 00:00:00.000', 'Working', NULL, 1, '2025-07-08 18:54:49.000', 'MPO310-40-Fixed-000000041'),
('MPO310', '05', '2025-07-08 00:00:00.000', 'Defective', 'Memory', 1, '2025-07-08 18:57:30.000', 'MPO310-05-Defective-000000042'),
('MPO310', '00', '2025-07-08 00:00:00.000', 'Working', NULL, 1, '2025-07-08 19:00:00.000', 'MPO310-00-Fixed-000000043'),
('MPO310', '01', '2025-07-08 00:00:00.000', 'Working', NULL, 1, '2025-07-08 19:00:00.000', 'MPO310-01-Fixed-000000044'),
('MPO310', '02', '2025-07-08 00:00:00.000', 'Working', NULL, 1, '2025-07-08 19:00:00.000', 'MPO310-02-Fixed-000000045'),
('MPO310', '03', '2025-07-08 00:00:00.000', 'Working', NULL, 1, '2025-07-08 19:00:00.000', 'MPO310-03-Fixed-000000046'),
('MPO310', '04', '2025-07-08 00:00:00.000', 'Working', NULL, 1, '2025-07-08 19:00:00.000', 'MPO310-04-Fixed-000000047'),
('MPO310', '05', '2025-07-08 00:00:00.000', 'Working', NULL, 1, '2025-07-08 19:00:00.000', 'MPO310-05-Fixed-000000048'),
('MPO310', '06', '2025-07-08 00:00:00.000', 'Working', NULL, 1, '2025-07-08 19:00:00.000', 'MPO310-06-Fixed-000000049'),
('MPO310', '07', '2025-07-08 00:00:00.000', 'Working', NULL, 1, '2025-07-08 19:00:00.000', 'MPO310-07-Fixed-000000050'),
('MPO310', '08', '2025-07-08 00:00:00.000', 'Working', NULL, 1, '2025-07-08 19:00:00.000', 'MPO310-08-Fixed-000000051'),
('MPO310', '09', '2025-07-08 00:00:00.000', 'Working', NULL, 1, '2025-07-08 19:00:00.000', 'MPO310-09-Fixed-000000052'),
('MPO310', '10', '2025-07-08 00:00:00.000', 'Working', NULL, 1, '2025-07-08 19:00:00.000', 'MPO310-10-Fixed-000000053'),
('MPO310', '11', '2025-07-08 00:00:00.000', 'Working', NULL, 1, '2025-07-08 19:00:00.000', 'MPO310-11-Fixed-000000054'),
('MPO310', '12', '2025-07-08 00:00:00.000', 'Working', NULL, 1, '2025-07-08 19:00:00.000', 'MPO310-12-Fixed-000000055'),
('MPO310', '13', '2025-07-08 00:00:00.000', 'Working', NULL, 1, '2025-07-08 19:00:00.000', 'MPO310-13-Fixed-000000056'),
('MPO310', '14', '2025-07-08 00:00:00.000', 'Working', NULL, 1, '2025-07-08 19:00:00.000', 'MPO310-14-Fixed-000000057'),
('MPO310', '15', '2025-07-08 00:00:00.000', 'Working', NULL, 1, '2025-07-08 19:00:00.000', 'MPO310-15-Fixed-000000058'),
('MPO310', '16', '2025-07-08 00:00:00.000', 'Working', NULL, 1, '2025-07-08 19:00:00.000', 'MPO310-16-Fixed-000000059'),
('MPO310', '17', '2025-07-08 00:00:00.000', 'Working', NULL, 1, '2025-07-08 19:00:00.000', 'MPO310-17-Fixed-000000060'),
('MPO310', '18', '2025-07-08 00:00:00.000', 'Working', NULL, 1, '2025-07-08 19:00:00.000', 'MPO310-18-Fixed-000000061'),
('MPO310', '19', '2025-07-08 00:00:00.000', 'Working', NULL, 1, '2025-07-08 19:00:00.000', 'MPO310-19-Fixed-000000062'),
('MPO310', '20', '2025-07-08 00:00:00.000', 'Working', NULL, 1, '2025-07-08 19:00:00.000', 'MPO310-20-Fixed-000000063'),
('MPO310', '21', '2025-07-08 00:00:00.000', 'Working', NULL, 1, '2025-07-08 19:00:00.000', 'MPO310-21-Fixed-000000064'),
('MPO310', '22', '2025-07-08 00:00:00.000', 'Working', NULL, 1, '2025-07-08 19:00:00.000', 'MPO310-22-Fixed-000000065'),
('MPO310', '23', '2025-07-08 00:00:00.000', 'Working', NULL, 1, '2025-07-08 19:00:00.000', 'MPO310-23-Fixed-000000066'),
('MPO310', '24', '2025-07-08 00:00:00.000', 'Working', NULL, 1, '2025-07-08 19:00:00.000', 'MPO310-24-Fixed-000000067'),
('MPO310', '25', '2025-07-08 00:00:00.000', 'Working', NULL, 1, '2025-07-08 19:00:00.000', 'MPO310-25-Fixed-000000068'),
('MPO310', '26', '2025-07-08 00:00:00.000', 'Working', NULL, 1, '2025-07-08 19:00:00.000', 'MPO310-26-Fixed-000000069'),
('MPO310', '27', '2025-07-08 00:00:00.000', 'Working', NULL, 1, '2025-07-08 19:00:00.000', 'MPO310-27-Fixed-000000070'),
('MPO310', '28', '2025-07-08 00:00:00.000', 'Working', NULL, 1, '2025-07-08 19:00:00.000', 'MPO310-28-Fixed-000000071'),
('MPO310', '29', '2025-07-08 00:00:00.000', 'Working', NULL, 1, '2025-07-08 19:00:00.000', 'MPO310-29-Fixed-000000072'),
('MPO310', '30', '2025-07-08 00:00:00.000', 'Working', NULL, 1, '2025-07-08 19:00:00.000', 'MPO310-30-Fixed-000000073'),
('MPO310', '31', '2025-07-08 00:00:00.000', 'Working', NULL, 1, '2025-07-08 19:00:00.000', 'MPO310-31-Fixed-000000074'),
('MPO310', '32', '2025-07-08 00:00:00.000', 'Working', NULL, 1, '2025-07-08 19:00:00.000', 'MPO310-32-Fixed-000000075'),
('MPO310', '33', '2025-07-08 00:00:00.000', 'Working', NULL, 1, '2025-07-08 19:00:00.000', 'MPO310-33-Fixed-000000076'),
('MPO310', '34', '2025-07-08 00:00:00.000', 'Working', NULL, 1, '2025-07-08 19:00:00.000', 'MPO310-34-Fixed-000000077'),
('MPO310', '35', '2025-07-08 00:00:00.000', 'Working', NULL, 1, '2025-07-08 19:00:00.000', 'MPO310-35-Fixed-000000078'),
('MPO310', '36', '2025-07-08 00:00:00.000', 'Working', NULL, 1, '2025-07-08 19:00:00.000', 'MPO310-36-Fixed-000000079'),
('MPO310', '37', '2025-07-08 00:00:00.000', 'Working', NULL, 1, '2025-07-08 19:00:00.000', 'MPO310-37-Fixed-000000080'),
('MPO310', '38', '2025-07-08 00:00:00.000', 'Working', NULL, 1, '2025-07-08 19:00:00.000', 'MPO310-38-Fixed-000000081'),
('MPO310', '39', '2025-07-08 00:00:00.000', 'Working', NULL, 1, '2025-07-08 19:00:00.000', 'MPO310-39-Fixed-000000082'),
('MPO310', '40', '2025-07-08 00:00:00.000', 'Working', NULL, 1, '2025-07-08 19:00:00.000', 'MPO310-40-Fixed-000000083'),
('MPO310', '00', '2025-07-08 00:00:00.000', 'Working', NULL, 1, '2025-07-08 19:15:00.000', 'MPO310-00-Fixed-000000084'),
('MPO310', '01', '2025-07-08 00:00:00.000', 'Working', NULL, 1, '2025-07-08 19:15:00.000', 'MPO310-01-Fixed-000000085'),
('MPO310', '02', '2025-07-08 00:00:00.000', 'Working', NULL, 1, '2025-07-08 19:15:00.000', 'MPO310-02-Fixed-000000086'),
('MPO310', '03', '2025-07-08 00:00:00.000', 'Working', NULL, 1, '2025-07-08 19:15:00.000', 'MPO310-03-Fixed-000000087'),
('MPO310', '04', '2025-07-08 00:00:00.000', 'Working', NULL, 1, '2025-07-08 19:15:00.000', 'MPO310-04-Fixed-000000088'),
('MPO310', '05', '2025-07-08 00:00:00.000', 'Working', NULL, 1, '2025-07-08 19:15:00.000', 'MPO310-05-Fixed-000000089'),
('MPO310', '06', '2025-07-08 00:00:00.000', 'Working', NULL, 1, '2025-07-08 19:15:00.000', 'MPO310-06-Fixed-000000090'),
('MPO310', '07', '2025-07-08 00:00:00.000', 'Working', NULL, 1, '2025-07-08 19:15:00.000', 'MPO310-07-Fixed-000000091'),
('MPO310', '08', '2025-07-08 00:00:00.000', 'Working', NULL, 1, '2025-07-08 19:15:00.000', 'MPO310-08-Fixed-000000092'),
('MPO310', '09', '2025-07-08 00:00:00.000', 'Working', NULL, 1, '2025-07-08 19:15:00.000', 'MPO310-09-Fixed-000000093'),
('MPO310', '10', '2025-07-08 00:00:00.000', 'Working', NULL, 1, '2025-07-08 19:15:00.000', 'MPO310-10-Fixed-000000094'),
('MPO310', '11', '2025-07-08 00:00:00.000', 'Working', NULL, 1, '2025-07-08 19:15:00.000', 'MPO310-11-Fixed-000000095'),
('MPO310', '12', '2025-07-08 00:00:00.000', 'Working', NULL, 1, '2025-07-08 19:15:00.000', 'MPO310-12-Fixed-000000096'),
('MPO310', '13', '2025-07-08 00:00:00.000', 'Working', NULL, 1, '2025-07-08 19:15:00.000', 'MPO310-13-Fixed-000000097'),
('MPO310', '14', '2025-07-08 00:00:00.000', 'Working', NULL, 1, '2025-07-08 19:15:00.000', 'MPO310-14-Fixed-000000098'),
('MPO310', '15', '2025-07-08 00:00:00.000', 'Working', NULL, 1, '2025-07-08 19:15:00.000', 'MPO310-15-Fixed-000000099'),
('MPO310', '16', '2025-07-08 00:00:00.000', 'Working', NULL, 1, '2025-07-08 19:15:00.000', 'MPO310-16-Fixed-000000100'),
('MPO310', '17', '2025-07-08 00:00:00.000', 'Working', NULL, 1, '2025-07-08 19:15:00.000', 'MPO310-17-Fixed-000000101'),
('MPO310', '18', '2025-07-08 00:00:00.000', 'Working', NULL, 1, '2025-07-08 19:15:00.000', 'MPO310-18-Fixed-000000102'),
('MPO310', '19', '2025-07-08 00:00:00.000', 'Working', NULL, 1, '2025-07-08 19:15:00.000', 'MPO310-19-Fixed-000000103'),
('MPO310', '20', '2025-07-08 00:00:00.000', 'Working', NULL, 1, '2025-07-08 19:15:00.000', 'MPO310-20-Fixed-000000104'),
('MPO310', '21', '2025-07-08 00:00:00.000', 'Working', NULL, 1, '2025-07-08 19:15:00.000', 'MPO310-21-Fixed-000000105'),
('MPO310', '22', '2025-07-08 00:00:00.000', 'Working', NULL, 1, '2025-07-08 19:15:00.000', 'MPO310-22-Fixed-000000106'),
('MPO310', '23', '2025-07-08 00:00:00.000', 'Working', NULL, 1, '2025-07-08 19:15:00.000', 'MPO310-23-Fixed-000000107'),
('MPO310', '24', '2025-07-08 00:00:00.000', 'Working', NULL, 1, '2025-07-08 19:15:00.000', 'MPO310-24-Fixed-000000108'),
('MPO310', '25', '2025-07-08 00:00:00.000', 'Working', NULL, 1, '2025-07-08 19:15:00.000', 'MPO310-25-Fixed-000000109'),
('MPO310', '26', '2025-07-08 00:00:00.000', 'Working', NULL, 1, '2025-07-08 19:15:00.000', 'MPO310-26-Fixed-000000110'),
('MPO310', '27', '2025-07-08 00:00:00.000', 'Working', NULL, 1, '2025-07-08 19:15:00.000', 'MPO310-27-Fixed-000000111'),
('MPO310', '28', '2025-07-08 00:00:00.000', 'Working', NULL, 1, '2025-07-08 19:15:00.000', 'MPO310-28-Fixed-000000112'),
('MPO310', '29', '2025-07-08 00:00:00.000', 'Working', NULL, 1, '2025-07-08 19:15:00.000', 'MPO310-29-Fixed-000000113'),
('MPO310', '30', '2025-07-08 00:00:00.000', 'Working', NULL, 1, '2025-07-08 19:15:00.000', 'MPO310-30-Fixed-000000114'),
('MPO310', '31', '2025-07-08 00:00:00.000', 'Working', NULL, 1, '2025-07-08 19:15:00.000', 'MPO310-31-Fixed-000000115'),
('MPO310', '32', '2025-07-08 00:00:00.000', 'Working', NULL, 1, '2025-07-08 19:15:00.000', 'MPO310-32-Fixed-000000116'),
('MPO310', '33', '2025-07-08 00:00:00.000', 'Working', NULL, 1, '2025-07-08 19:15:00.000', 'MPO310-33-Fixed-000000117'),
('MPO310', '34', '2025-07-08 00:00:00.000', 'Working', NULL, 1, '2025-07-08 19:15:00.000', 'MPO310-34-Fixed-000000118'),
('MPO310', '35', '2025-07-08 00:00:00.000', 'Working', NULL, 1, '2025-07-08 19:15:00.000', 'MPO310-35-Fixed-000000119'),
('MPO310', '36', '2025-07-08 00:00:00.000', 'Working', NULL, 1, '2025-07-08 19:15:00.000', 'MPO310-36-Fixed-000000120'),
('MPO310', '37', '2025-07-08 00:00:00.000', 'Working', NULL, 1, '2025-07-08 19:15:00.000', 'MPO310-37-Fixed-000000121'),
('MPO310', '38', '2025-07-08 00:00:00.000', 'Working', NULL, 1, '2025-07-08 19:15:00.000', 'MPO310-38-Fixed-000000122'),
('MPO310', '39', '2025-07-08 00:00:00.000', 'Working', NULL, 1, '2025-07-08 19:15:00.000', 'MPO310-39-Fixed-000000123'),
('MPO310', '40', '2025-07-08 00:00:00.000', 'Working', NULL, 1, '2025-07-08 19:15:00.000', 'MPO310-40-Fixed-000000124'),
('MPO310', '13', '2025-07-08 00:00:00.000', 'Defective', 'Memory,Network', 1, '2025-07-08 19:21:02.000', 'MPO310-13-Defective-000000125'),
('MPO310', '00', '2025-07-08 00:00:00.000', 'Working', NULL, 1, '2025-07-08 19:25:00.000', 'MPO310-00-Fixed-000000126'),
('MPO310', '01', '2025-07-08 00:00:00.000', 'Working', NULL, 1, '2025-07-08 19:25:00.000', 'MPO310-01-Fixed-000000127'),
('MPO310', '02', '2025-07-08 00:00:00.000', 'Working', NULL, 1, '2025-07-08 19:25:00.000', 'MPO310-02-Fixed-000000128'),
('MPO310', '03', '2025-07-08 00:00:00.000', 'Working', NULL, 1, '2025-07-08 19:25:00.000', 'MPO310-03-Fixed-000000129'),
('MPO310', '04', '2025-07-08 00:00:00.000', 'Working', NULL, 1, '2025-07-08 19:25:00.000', 'MPO310-04-Fixed-000000130'),
('MPO310', '05', '2025-07-08 00:00:00.000', 'Working', NULL, 1, '2025-07-08 19:25:00.000', 'MPO310-05-Fixed-000000131'),
('MPO310', '06', '2025-07-08 00:00:00.000', 'Working', NULL, 1, '2025-07-08 19:25:00.000', 'MPO310-06-Fixed-000000132'),
('MPO310', '07', '2025-07-08 00:00:00.000', 'Working', NULL, 1, '2025-07-08 19:25:00.000', 'MPO310-07-Fixed-000000133'),
('MPO310', '08', '2025-07-08 00:00:00.000', 'Working', NULL, 1, '2025-07-08 19:25:00.000', 'MPO310-08-Fixed-000000134'),
('MPO310', '09', '2025-07-08 00:00:00.000', 'Working', NULL, 1, '2025-07-08 19:25:00.000', 'MPO310-09-Fixed-000000135'),
('MPO310', '10', '2025-07-08 00:00:00.000', 'Working', NULL, 1, '2025-07-08 19:25:00.000', 'MPO310-10-Fixed-000000136'),
('MPO310', '11', '2025-07-08 00:00:00.000', 'Working', NULL, 1, '2025-07-08 19:25:00.000', 'MPO310-11-Fixed-000000137'),
('MPO310', '12', '2025-07-08 00:00:00.000', 'Working', NULL, 1, '2025-07-08 19:25:00.000', 'MPO310-12-Fixed-000000138'),
('MPO310', '13', '2025-07-08 00:00:00.000', 'Working', NULL, 1, '2025-07-08 19:25:00.000', 'MPO310-13-Fixed-000000139'),
('MPO310', '14', '2025-07-08 00:00:00.000', 'Working', NULL, 1, '2025-07-08 19:25:00.000', 'MPO310-14-Fixed-000000140'),
('MPO310', '15', '2025-07-08 00:00:00.000', 'Working', NULL, 1, '2025-07-08 19:25:00.000', 'MPO310-15-Fixed-000000141'),
('MPO310', '16', '2025-07-08 00:00:00.000', 'Working', NULL, 1, '2025-07-08 19:25:00.000', 'MPO310-16-Fixed-000000142'),
('MPO310', '17', '2025-07-08 00:00:00.000', 'Working', NULL, 1, '2025-07-08 19:25:00.000', 'MPO310-17-Fixed-000000143'),
('MPO310', '18', '2025-07-08 00:00:00.000', 'Working', NULL, 1, '2025-07-08 19:25:00.000', 'MPO310-18-Fixed-000000144'),
('MPO310', '19', '2025-07-08 00:00:00.000', 'Working', NULL, 1, '2025-07-08 19:25:00.000', 'MPO310-19-Fixed-000000145'),
('MPO310', '20', '2025-07-08 00:00:00.000', 'Working', NULL, 1, '2025-07-08 19:25:00.000', 'MPO310-20-Fixed-000000146'),
('MPO310', '21', '2025-07-08 00:00:00.000', 'Working', NULL, 1, '2025-07-08 19:25:00.000', 'MPO310-21-Fixed-000000147'),
('MPO310', '22', '2025-07-08 00:00:00.000', 'Working', NULL, 1, '2025-07-08 19:25:00.000', 'MPO310-22-Fixed-000000148'),
('MPO310', '23', '2025-07-08 00:00:00.000', 'Working', NULL, 1, '2025-07-08 19:25:00.000', 'MPO310-23-Fixed-000000149'),
('MPO310', '24', '2025-07-08 00:00:00.000', 'Working', NULL, 1, '2025-07-08 19:25:00.000', 'MPO310-24-Fixed-000000150'),
('MPO310', '25', '2025-07-08 00:00:00.000', 'Working', NULL, 1, '2025-07-08 19:25:00.000', 'MPO310-25-Fixed-000000151'),
('MPO310', '26', '2025-07-08 00:00:00.000', 'Working', NULL, 1, '2025-07-08 19:25:00.000', 'MPO310-26-Fixed-000000152'),
('MPO310', '27', '2025-07-08 00:00:00.000', 'Working', NULL, 1, '2025-07-08 19:25:00.000', 'MPO310-27-Fixed-000000153'),
('MPO310', '28', '2025-07-08 00:00:00.000', 'Working', NULL, 1, '2025-07-08 19:25:00.000', 'MPO310-28-Fixed-000000154'),
('MPO310', '29', '2025-07-08 00:00:00.000', 'Working', NULL, 1, '2025-07-08 19:25:00.000', 'MPO310-29-Fixed-000000155'),
('MPO310', '30', '2025-07-08 00:00:00.000', 'Working', NULL, 1, '2025-07-08 19:25:00.000', 'MPO310-30-Fixed-000000156'),
('MPO310', '31', '2025-07-08 00:00:00.000', 'Working', NULL, 1, '2025-07-08 19:25:00.000', 'MPO310-31-Fixed-000000157'),
('MPO310', '32', '2025-07-08 00:00:00.000', 'Working', NULL, 1, '2025-07-08 19:25:00.000', 'MPO310-32-Fixed-000000158'),
('MPO310', '33', '2025-07-08 00:00:00.000', 'Working', NULL, 1, '2025-07-08 19:25:00.000', 'MPO310-33-Fixed-000000159'),
('MPO310', '34', '2025-07-08 00:00:00.000', 'Working', NULL, 1, '2025-07-08 19:25:00.000', 'MPO310-34-Fixed-000000160'),
('MPO310', '35', '2025-07-08 00:00:00.000', 'Working', NULL, 1, '2025-07-08 19:25:00.000', 'MPO310-35-Fixed-000000161'),
('MPO310', '36', '2025-07-08 00:00:00.000', 'Working', NULL, 1, '2025-07-08 19:25:00.000', 'MPO310-36-Fixed-000000162'),
('MPO310', '37', '2025-07-08 00:00:00.000', 'Working', NULL, 1, '2025-07-08 19:25:00.000', 'MPO310-37-Fixed-000000163'),
('MPO310', '38', '2025-07-08 00:00:00.000', 'Working', NULL, 1, '2025-07-08 19:25:00.000', 'MPO310-38-Fixed-000000164'),
('MPO310', '39', '2025-07-08 00:00:00.000', 'Working', NULL, 1, '2025-07-08 19:25:00.000', 'MPO310-39-Fixed-000000165'),
('MPO310', '40', '2025-07-08 00:00:00.000', 'Working', NULL, 1, '2025-07-08 19:25:00.000', 'MPO310-40-Fixed-000000166'),
('MPO310', '13', '2025-07-08 00:00:00.000', 'Working', 'Memory', 1, '2025-07-08 11:29:00.000', 'MPO310-13-Defective-000000167'),
('MPO310', '06', '2025-07-08 00:00:00.000', 'Working', 'Memory', 1, '2025-07-08 11:38:00.000', 'MPO310-06-Defective-000000168'),
('MPO310', '05', '2025-07-08 00:00:00.000', 'Defective', 'Memory', 1, '2025-07-08 19:39:15.000', 'MPO310-05-Defective-000000169'),
('MPO310', '00', '2025-07-09 00:00:00.000', 'Working', NULL, 1, '2025-07-09 11:43:00.000', 'MPO310-00-Fixed-000000170'),
('MPO310', '01', '2025-07-09 00:00:00.000', 'Working', NULL, 1, '2025-07-09 11:43:00.000', 'MPO310-01-Fixed-000000171'),
('MPO310', '02', '2025-07-09 00:00:00.000', 'Working', NULL, 1, '2025-07-09 11:43:00.000', 'MPO310-02-Fixed-000000172'),
('MPO310', '03', '2025-07-09 00:00:00.000', 'Working', NULL, 1, '2025-07-09 11:43:00.000', 'MPO310-03-Fixed-000000173'),
('MPO310', '04', '2025-07-09 00:00:00.000', 'Working', NULL, 1, '2025-07-09 11:43:00.000', 'MPO310-04-Fixed-000000174'),
('MPO310', '05', '2025-07-09 00:00:00.000', 'Working', NULL, 1, '2025-07-09 11:43:00.000', 'MPO310-05-Fixed-000000175'),
('MPO310', '06', '2025-07-09 00:00:00.000', 'Working', NULL, 1, '2025-07-09 11:43:00.000', 'MPO310-06-Fixed-000000176'),
('MPO310', '07', '2025-07-09 00:00:00.000', 'Working', NULL, 1, '2025-07-09 11:43:00.000', 'MPO310-07-Fixed-000000177'),
('MPO310', '08', '2025-07-09 00:00:00.000', 'Working', NULL, 1, '2025-07-09 11:43:00.000', 'MPO310-08-Fixed-000000178'),
('MPO310', '09', '2025-07-09 00:00:00.000', 'Working', NULL, 1, '2025-07-09 11:43:00.000', 'MPO310-09-Fixed-000000179'),
('MPO310', '10', '2025-07-09 00:00:00.000', 'Working', NULL, 1, '2025-07-09 11:43:00.000', 'MPO310-10-Fixed-000000180'),
('MPO310', '11', '2025-07-09 00:00:00.000', 'Working', NULL, 1, '2025-07-09 11:43:00.000', 'MPO310-11-Fixed-000000181'),
('MPO310', '12', '2025-07-09 00:00:00.000', 'Working', NULL, 1, '2025-07-09 11:43:00.000', 'MPO310-12-Fixed-000000182'),
('MPO310', '13', '2025-07-09 00:00:00.000', 'Working', NULL, 1, '2025-07-09 11:43:00.000', 'MPO310-13-Fixed-000000183'),
('MPO310', '14', '2025-07-09 00:00:00.000', 'Working', NULL, 1, '2025-07-09 11:43:00.000', 'MPO310-14-Fixed-000000184'),
('MPO310', '15', '2025-07-09 00:00:00.000', 'Working', NULL, 1, '2025-07-09 11:43:00.000', 'MPO310-15-Fixed-000000185'),
('MPO310', '16', '2025-07-09 00:00:00.000', 'Working', NULL, 1, '2025-07-09 11:43:00.000', 'MPO310-16-Fixed-000000186'),
('MPO310', '17', '2025-07-09 00:00:00.000', 'Working', NULL, 1, '2025-07-09 11:43:00.000', 'MPO310-17-Fixed-000000187'),
('MPO310', '18', '2025-07-09 00:00:00.000', 'Working', NULL, 1, '2025-07-09 11:43:00.000', 'MPO310-18-Fixed-000000188'),
('MPO310', '19', '2025-07-09 00:00:00.000', 'Working', NULL, 1, '2025-07-09 11:43:00.000', 'MPO310-19-Fixed-000000189'),
('MPO310', '20', '2025-07-09 00:00:00.000', 'Working', NULL, 1, '2025-07-09 11:43:00.000', 'MPO310-20-Fixed-000000190'),
('MPO310', '21', '2025-07-09 00:00:00.000', 'Working', NULL, 1, '2025-07-09 11:43:00.000', 'MPO310-21-Fixed-000000191'),
('MPO310', '22', '2025-07-09 00:00:00.000', 'Working', NULL, 1, '2025-07-09 11:43:00.000', 'MPO310-22-Fixed-000000192'),
('MPO310', '23', '2025-07-09 00:00:00.000', 'Working', NULL, 1, '2025-07-09 11:43:00.000', 'MPO310-23-Fixed-000000193'),
('MPO310', '24', '2025-07-09 00:00:00.000', 'Working', NULL, 1, '2025-07-09 11:43:00.000', 'MPO310-24-Fixed-000000194'),
('MPO310', '25', '2025-07-09 00:00:00.000', 'Working', NULL, 1, '2025-07-09 11:43:00.000', 'MPO310-25-Fixed-000000195'),
('MPO310', '26', '2025-07-09 00:00:00.000', 'Working', NULL, 1, '2025-07-09 11:43:00.000', 'MPO310-26-Fixed-000000196'),
('MPO310', '27', '2025-07-09 00:00:00.000', 'Working', NULL, 1, '2025-07-09 11:43:00.000', 'MPO310-27-Fixed-000000197'),
('MPO310', '28', '2025-07-09 00:00:00.000', 'Working', NULL, 1, '2025-07-09 11:43:00.000', 'MPO310-28-Fixed-000000198'),
('MPO310', '29', '2025-07-09 00:00:00.000', 'Working', NULL, 1, '2025-07-09 11:43:00.000', 'MPO310-29-Fixed-000000199'),
('MPO310', '30', '2025-07-09 00:00:00.000', 'Working', NULL, 1, '2025-07-09 11:43:00.000', 'MPO310-30-Fixed-000000200'),
('MPO310', '31', '2025-07-09 00:00:00.000', 'Working', NULL, 1, '2025-07-09 11:43:00.000', 'MPO310-31-Fixed-000000201'),
('MPO310', '32', '2025-07-09 00:00:00.000', 'Working', NULL, 1, '2025-07-09 11:43:00.000', 'MPO310-32-Fixed-000000202'),
('MPO310', '33', '2025-07-09 00:00:00.000', 'Working', NULL, 1, '2025-07-09 11:43:00.000', 'MPO310-33-Fixed-000000203'),
('MPO310', '34', '2025-07-09 00:00:00.000', 'Working', NULL, 1, '2025-07-09 11:43:00.000', 'MPO310-34-Fixed-000000204'),
('MPO310', '35', '2025-07-09 00:00:00.000', 'Working', NULL, 1, '2025-07-09 11:43:00.000', 'MPO310-35-Fixed-000000205'),
('MPO310', '36', '2025-07-09 00:00:00.000', 'Working', NULL, 1, '2025-07-09 11:43:00.000', 'MPO310-36-Fixed-000000206'),
('MPO310', '37', '2025-07-09 00:00:00.000', 'Working', NULL, 1, '2025-07-09 11:43:00.000', 'MPO310-37-Fixed-000000207'),
('MPO310', '38', '2025-07-09 00:00:00.000', 'Working', NULL, 1, '2025-07-09 11:43:00.000', 'MPO310-38-Fixed-000000208'),
('MPO310', '39', '2025-07-09 00:00:00.000', 'Working', NULL, 1, '2025-07-09 11:43:00.000', 'MPO310-39-Fixed-000000209'),
('MPO310', '40', '2025-07-09 00:00:00.000', 'Working', NULL, 1, '2025-07-09 11:43:00.000', 'MPO310-40-Fixed-000000210'),
('MPO310', '00', '2025-07-10 00:00:00.000', 'Working', NULL, 2, '2025-07-10 10:54:00.000', 'MPO310-00-Fixed-000000211'),
('MPO310', '01', '2025-07-10 00:00:00.000', 'Working', NULL, 2, '2025-07-10 10:54:00.000', 'MPO310-01-Fixed-000000212'),
('MPO310', '02', '2025-07-10 00:00:00.000', 'Working', NULL, 2, '2025-07-10 10:54:00.000', 'MPO310-02-Fixed-000000213'),
('MPO310', '03', '2025-07-10 00:00:00.000', 'Working', NULL, 2, '2025-07-10 10:54:00.000', 'MPO310-03-Fixed-000000214'),
('MPO310', '04', '2025-07-10 00:00:00.000', 'Working', NULL, 2, '2025-07-10 10:54:00.000', 'MPO310-04-Fixed-000000215'),
('MPO310', '05', '2025-07-10 00:00:00.000', 'Working', NULL, 2, '2025-07-10 10:54:00.000', 'MPO310-05-Fixed-000000216'),
('MPO310', '06', '2025-07-10 00:00:00.000', 'Working', NULL, 2, '2025-07-10 10:54:00.000', 'MPO310-06-Fixed-000000217'),
('MPO310', '07', '2025-07-10 00:00:00.000', 'Working', NULL, 2, '2025-07-10 10:54:00.000', 'MPO310-07-Fixed-000000218'),
('MPO310', '08', '2025-07-10 00:00:00.000', 'Working', NULL, 2, '2025-07-10 10:54:00.000', 'MPO310-08-Fixed-000000219'),
('MPO310', '09', '2025-07-10 00:00:00.000', 'Working', NULL, 2, '2025-07-10 10:54:00.000', 'MPO310-09-Fixed-000000220'),
('MPO310', '10', '2025-07-10 00:00:00.000', 'Working', NULL, 2, '2025-07-10 10:54:00.000', 'MPO310-10-Fixed-000000221'),
('MPO310', '11', '2025-07-10 00:00:00.000', 'Working', NULL, 2, '2025-07-10 10:54:00.000', 'MPO310-11-Fixed-000000222'),
('MPO310', '12', '2025-07-10 00:00:00.000', 'Working', NULL, 2, '2025-07-10 10:54:00.000', 'MPO310-12-Fixed-000000223'),
('MPO310', '13', '2025-07-10 00:00:00.000', 'Working', NULL, 2, '2025-07-10 10:54:00.000', 'MPO310-13-Fixed-000000224'),
('MPO310', '14', '2025-07-10 00:00:00.000', 'Working', NULL, 2, '2025-07-10 10:54:00.000', 'MPO310-14-Fixed-000000225'),
('MPO310', '15', '2025-07-10 00:00:00.000', 'Working', NULL, 2, '2025-07-10 10:54:00.000', 'MPO310-15-Fixed-000000226'),
('MPO310', '16', '2025-07-10 00:00:00.000', 'Working', NULL, 2, '2025-07-10 10:54:00.000', 'MPO310-16-Fixed-000000227'),
('MPO310', '17', '2025-07-10 00:00:00.000', 'Working', NULL, 2, '2025-07-10 10:54:00.000', 'MPO310-17-Fixed-000000228'),
('MPO310', '18', '2025-07-10 00:00:00.000', 'Working', NULL, 2, '2025-07-10 10:54:00.000', 'MPO310-18-Fixed-000000229'),
('MPO310', '19', '2025-07-10 00:00:00.000', 'Working', NULL, 2, '2025-07-10 10:54:00.000', 'MPO310-19-Fixed-000000230'),
('MPO310', '20', '2025-07-10 00:00:00.000', 'Working', NULL, 2, '2025-07-10 10:54:00.000', 'MPO310-20-Fixed-000000231'),
('MPO310', '21', '2025-07-10 00:00:00.000', 'Working', NULL, 2, '2025-07-10 10:54:00.000', 'MPO310-21-Fixed-000000232'),
('MPO310', '22', '2025-07-10 00:00:00.000', 'Working', NULL, 2, '2025-07-10 10:54:00.000', 'MPO310-22-Fixed-000000233'),
('MPO310', '23', '2025-07-10 00:00:00.000', 'Working', NULL, 2, '2025-07-10 10:54:00.000', 'MPO310-23-Fixed-000000234'),
('MPO310', '24', '2025-07-10 00:00:00.000', 'Working', NULL, 2, '2025-07-10 10:54:00.000', 'MPO310-24-Fixed-000000235'),
('MPO310', '25', '2025-07-10 00:00:00.000', 'Working', NULL, 2, '2025-07-10 10:54:00.000', 'MPO310-25-Fixed-000000236'),
('MPO310', '26', '2025-07-10 00:00:00.000', 'Working', NULL, 2, '2025-07-10 10:54:00.000', 'MPO310-26-Fixed-000000237'),
('MPO310', '27', '2025-07-10 00:00:00.000', 'Working', NULL, 2, '2025-07-10 10:54:00.000', 'MPO310-27-Fixed-000000238'),
('MPO310', '28', '2025-07-10 00:00:00.000', 'Working', NULL, 2, '2025-07-10 10:54:00.000', 'MPO310-28-Fixed-000000239'),
('MPO310', '29', '2025-07-10 00:00:00.000', 'Working', NULL, 2, '2025-07-10 10:54:00.000', 'MPO310-29-Fixed-000000240'),
('MPO310', '30', '2025-07-10 00:00:00.000', 'Working', NULL, 2, '2025-07-10 10:54:00.000', 'MPO310-30-Fixed-000000241'),
('MPO310', '31', '2025-07-10 00:00:00.000', 'Working', NULL, 2, '2025-07-10 10:54:00.000', 'MPO310-31-Fixed-000000242'),
('MPO310', '32', '2025-07-10 00:00:00.000', 'Working', NULL, 2, '2025-07-10 10:54:00.000', 'MPO310-32-Fixed-000000243'),
('MPO310', '33', '2025-07-10 00:00:00.000', 'Working', NULL, 2, '2025-07-10 10:54:00.000', 'MPO310-33-Fixed-000000244'),
('MPO310', '34', '2025-07-10 00:00:00.000', 'Working', NULL, 2, '2025-07-10 10:54:00.000', 'MPO310-34-Fixed-000000245'),
('MPO310', '35', '2025-07-10 00:00:00.000', 'Working', NULL, 2, '2025-07-10 10:54:00.000', 'MPO310-35-Fixed-000000246'),
('MPO310', '36', '2025-07-10 00:00:00.000', 'Working', NULL, 2, '2025-07-10 10:54:00.000', 'MPO310-36-Fixed-000000247'),
('MPO310', '37', '2025-07-10 00:00:00.000', 'Working', NULL, 2, '2025-07-10 10:54:00.000', 'MPO310-37-Fixed-000000248'),
('MPO310', '38', '2025-07-10 00:00:00.000', 'Working', NULL, 2, '2025-07-10 10:54:00.000', 'MPO310-38-Fixed-000000249'),
('MPO310', '39', '2025-07-10 00:00:00.000', 'Working', NULL, 2, '2025-07-10 10:54:00.000', 'MPO310-39-Fixed-000000250'),
('MPO310', '40', '2025-07-10 00:00:00.000', 'Working', NULL, 2, '2025-07-10 10:54:00.000', 'MPO310-40-Fixed-000000251'),
('MPO311', '00', '2025-07-10 00:00:00.000', 'Working', NULL, 2, '2025-07-10 10:54:00.000', 'MPO311-00-Fixed-000000252'),
('MPO311', '01', '2025-07-10 00:00:00.000', 'Working', NULL, 2, '2025-07-10 10:54:00.000', 'MPO311-01-Fixed-000000253'),
('MPO311', '02', '2025-07-10 00:00:00.000', 'Working', NULL, 2, '2025-07-10 10:54:00.000', 'MPO311-02-Fixed-000000254'),
('MPO311', '03', '2025-07-10 00:00:00.000', 'Working', NULL, 2, '2025-07-10 10:54:00.000', 'MPO311-03-Fixed-000000255'),
('MPO311', '04', '2025-07-10 00:00:00.000', 'Working', NULL, 2, '2025-07-10 10:54:00.000', 'MPO311-04-Fixed-000000256'),
('MPO311', '05', '2025-07-10 00:00:00.000', 'Working', NULL, 2, '2025-07-10 10:54:00.000', 'MPO311-05-Fixed-000000257'),
('MPO311', '06', '2025-07-10 00:00:00.000', 'Working', NULL, 2, '2025-07-10 10:54:00.000', 'MPO311-06-Fixed-000000258'),
('MPO311', '07', '2025-07-10 00:00:00.000', 'Working', NULL, 2, '2025-07-10 10:54:00.000', 'MPO311-07-Fixed-000000259'),
('MPO311', '08', '2025-07-10 00:00:00.000', 'Working', NULL, 2, '2025-07-10 10:54:00.000', 'MPO311-08-Fixed-000000260'),
('MPO311', '09', '2025-07-10 00:00:00.000', 'Working', NULL, 2, '2025-07-10 10:54:00.000', 'MPO311-09-Fixed-000000261'),
('MPO311', '10', '2025-07-10 00:00:00.000', 'Working', NULL, 2, '2025-07-10 10:54:00.000', 'MPO311-10-Fixed-000000262'),
('MPO311', '11', '2025-07-10 00:00:00.000', 'Working', NULL, 2, '2025-07-10 10:54:00.000', 'MPO311-11-Fixed-000000263'),
('MPO311', '12', '2025-07-10 00:00:00.000', 'Working', NULL, 2, '2025-07-10 10:54:00.000', 'MPO311-12-Fixed-000000264'),
('MPO311', '13', '2025-07-10 00:00:00.000', 'Working', NULL, 2, '2025-07-10 10:54:00.000', 'MPO311-13-Fixed-000000265'),
('MPO311', '14', '2025-07-10 00:00:00.000', 'Working', NULL, 2, '2025-07-10 10:54:00.000', 'MPO311-14-Fixed-000000266'),
('MPO311', '15', '2025-07-10 00:00:00.000', 'Working', NULL, 2, '2025-07-10 10:54:00.000', 'MPO311-15-Fixed-000000267'),
('MPO311', '16', '2025-07-10 00:00:00.000', 'Working', NULL, 2, '2025-07-10 10:54:00.000', 'MPO311-16-Fixed-000000268'),
('MPO311', '17', '2025-07-10 00:00:00.000', 'Working', NULL, 2, '2025-07-10 10:54:00.000', 'MPO311-17-Fixed-000000269'),
('MPO311', '18', '2025-07-10 00:00:00.000', 'Working', NULL, 2, '2025-07-10 10:54:00.000', 'MPO311-18-Fixed-000000270'),
('MPO311', '19', '2025-07-10 00:00:00.000', 'Working', NULL, 2, '2025-07-10 10:54:00.000', 'MPO311-19-Fixed-000000271'),
('MPO311', '20', '2025-07-10 00:00:00.000', 'Working', NULL, 2, '2025-07-10 10:54:00.000', 'MPO311-20-Fixed-000000272'),
('MPO311', '21', '2025-07-10 00:00:00.000', 'Working', NULL, 2, '2025-07-10 10:54:00.000', 'MPO311-21-Fixed-000000273'),
('MPO311', '22', '2025-07-10 00:00:00.000', 'Working', NULL, 2, '2025-07-10 10:54:00.000', 'MPO311-22-Fixed-000000274'),
('MPO311', '23', '2025-07-10 00:00:00.000', 'Working', NULL, 2, '2025-07-10 10:54:00.000', 'MPO311-23-Fixed-000000275'),
('MPO311', '24', '2025-07-10 00:00:00.000', 'Working', NULL, 2, '2025-07-10 10:54:00.000', 'MPO311-24-Fixed-000000276'),
('MPO311', '25', '2025-07-10 00:00:00.000', 'Working', NULL, 2, '2025-07-10 10:54:00.000', 'MPO311-25-Fixed-000000277'),
('MPO311', '26', '2025-07-10 00:00:00.000', 'Working', NULL, 2, '2025-07-10 10:54:00.000', 'MPO311-26-Fixed-000000278'),
('MPO311', '27', '2025-07-10 00:00:00.000', 'Working', NULL, 2, '2025-07-10 10:54:00.000', 'MPO311-27-Fixed-000000279'),
('MPO311', '28', '2025-07-10 00:00:00.000', 'Working', NULL, 2, '2025-07-10 10:54:00.000', 'MPO311-28-Fixed-000000280'),
('MPO311', '29', '2025-07-10 00:00:00.000', 'Working', NULL, 2, '2025-07-10 10:54:00.000', 'MPO311-29-Fixed-000000281'),
('MPO311', '30', '2025-07-10 00:00:00.000', 'Working', NULL, 2, '2025-07-10 10:54:00.000', 'MPO311-30-Fixed-000000282'),
('MPO311', '31', '2025-07-10 00:00:00.000', 'Working', NULL, 2, '2025-07-10 10:54:00.000', 'MPO311-31-Fixed-000000283'),
('MPO311', '32', '2025-07-10 00:00:00.000', 'Working', NULL, 2, '2025-07-10 10:54:00.000', 'MPO311-32-Fixed-000000284'),
('MPO311', '33', '2025-07-10 00:00:00.000', 'Working', NULL, 2, '2025-07-10 10:54:00.000', 'MPO311-33-Fixed-000000285'),
('MPO311', '34', '2025-07-10 00:00:00.000', 'Working', NULL, 2, '2025-07-10 10:54:00.000', 'MPO311-34-Fixed-000000286'),
('MPO311', '35', '2025-07-10 00:00:00.000', 'Working', NULL, 2, '2025-07-10 10:54:00.000', 'MPO311-35-Fixed-000000287'),
('MPO311', '36', '2025-07-10 00:00:00.000', 'Working', NULL, 2, '2025-07-10 10:54:00.000', 'MPO311-36-Fixed-000000288'),
('MPO311', '37', '2025-07-10 00:00:00.000', 'Working', NULL, 2, '2025-07-10 10:54:00.000', 'MPO311-37-Fixed-000000289'),
('MPO311', '38', '2025-07-10 00:00:00.000', 'Working', NULL, 2, '2025-07-10 10:54:00.000', 'MPO311-38-Fixed-000000290'),
('MPO311', '39', '2025-07-10 00:00:00.000', 'Working', NULL, 2, '2025-07-10 10:54:00.000', 'MPO311-39-Fixed-000000291'),
('MPO311', '40', '2025-07-10 00:00:00.000', 'Working', NULL, 2, '2025-07-10 10:54:00.000', 'MPO311-40-Fixed-000000292');

-- data for table `fixes`
INSERT INTO `fixes` (`RoomID`, `PCNumber`, `FixedAt`, `FixedBy`, `ServiceTicketID`) VALUES
('MPO310', '00', '2025-07-08 18:54:49.000', 1, 'MPO310-00-Fixed-000000001'),
('MPO310', '01', '2025-07-08 18:54:49.000', 1, 'MPO310-01-Fixed-000000002'),
('MPO310', '02', '2025-07-08 18:54:49.000', 1, 'MPO310-02-Fixed-000000003'),
('MPO310', '03', '2025-07-08 18:54:49.000', 1, 'MPO310-03-Fixed-000000004'),
('MPO310', '04', '2025-07-08 18:54:49.000', 1, 'MPO310-04-Fixed-000000005'),
('MPO310', '05', '2025-07-08 18:54:49.000', 1, 'MPO310-05-Fixed-000000006'),
('MPO310', '06', '2025-07-08 18:54:49.000', 1, 'MPO310-06-Fixed-000000007'),
('MPO310', '07', '2025-07-08 18:54:49.000', 1, 'MPO310-07-Fixed-000000008'),
('MPO310', '08', '2025-07-08 18:54:49.000', 1, 'MPO310-08-Fixed-000000009'),
('MPO310', '09', '2025-07-08 18:54:49.000', 1, 'MPO310-09-Fixed-000000010'),
('MPO310', '10', '2025-07-08 18:54:49.000', 1, 'MPO310-10-Fixed-000000011'),
('MPO310', '11', '2025-07-08 18:54:49.000', 1, 'MPO310-11-Fixed-000000012'),
('MPO310', '12', '2025-07-08 18:54:49.000', 1, 'MPO310-12-Fixed-000000013'),
('MPO310', '13', '2025-07-08 18:54:49.000', 1, 'MPO310-13-Fixed-000000014'),
('MPO310', '14', '2025-07-08 18:54:49.000', 1, 'MPO310-14-Fixed-000000015'),
('MPO310', '15', '2025-07-08 18:54:49.000', 1, 'MPO310-15-Fixed-000000016'),
('MPO310', '16', '2025-07-08 18:54:49.000', 1, 'MPO310-16-Fixed-000000017'),
('MPO310', '17', '2025-07-08 18:54:49.000', 1, 'MPO310-17-Fixed-000000018'),
('MPO310', '18', '2025-07-08 18:54:49.000', 1, 'MPO310-18-Fixed-000000019'),
('MPO310', '19', '2025-07-08 18:54:49.000', 1, 'MPO310-19-Fixed-000000020'),
('MPO310', '20', '2025-07-08 18:54:49.000', 1, 'MPO310-20-Fixed-000000021'),
('MPO310', '21', '2025-07-08 18:54:49.000', 1, 'MPO310-21-Fixed-000000022'),
('MPO310', '22', '2025-07-08 18:54:49.000', 1, 'MPO310-22-Fixed-000000023'),
('MPO310', '23', '2025-07-08 18:54:49.000', 1, 'MPO310-23-Fixed-000000024'),
('MPO310', '24', '2025-07-08 18:54:49.000', 1, 'MPO310-24-Fixed-000000025'),
('MPO310', '25', '2025-07-08 18:54:49.000', 1, 'MPO310-25-Fixed-000000026'),
('MPO310', '26', '2025-07-08 18:54:49.000', 1, 'MPO310-26-Fixed-000000027'),
('MPO310', '27', '2025-07-08 18:54:49.000', 1, 'MPO310-27-Fixed-000000028'),
('MPO310', '28', '2025-07-08 18:54:49.000', 1, 'MPO310-28-Fixed-000000029'),
('MPO310', '29', '2025-07-08 18:54:49.000', 1, 'MPO310-29-Fixed-000000030'),
('MPO310', '30', '2025-07-08 18:54:49.000', 1, 'MPO310-30-Fixed-000000031'),
('MPO310', '31', '2025-07-08 18:54:49.000', 1, 'MPO310-31-Fixed-000000032'),
('MPO310', '32', '2025-07-08 18:54:49.000', 1, 'MPO310-32-Fixed-000000033'),
('MPO310', '33', '2025-07-08 18:54:49.000', 1, 'MPO310-33-Fixed-000000034'),
('MPO310', '34', '2025-07-08 18:54:49.000', 1, 'MPO310-34-Fixed-000000035'),
('MPO310', '35', '2025-07-08 18:54:49.000', 1, 'MPO310-35-Fixed-000000036'),
('MPO310', '36', '2025-07-08 18:54:49.000', 1, 'MPO310-36-Fixed-000000037'),
('MPO310', '37', '2025-07-08 18:54:49.000', 1, 'MPO310-37-Fixed-000000038'),
('MPO310', '38', '2025-07-08 18:54:49.000', 1, 'MPO310-38-Fixed-000000039'),
('MPO310', '39', '2025-07-08 18:54:49.000', 1, 'MPO310-39-Fixed-000000040'),
('MPO310', '40', '2025-07-08 18:54:49.000', 1, 'MPO310-40-Fixed-000000041'),
('MPO310', '00', '2025-07-08 19:00:00.000', 1, 'MPO310-00-Fixed-000000043'),
('MPO310', '01', '2025-07-08 19:00:00.000', 1, 'MPO310-01-Fixed-000000044'),
('MPO310', '02', '2025-07-08 19:00:00.000', 1, 'MPO310-02-Fixed-000000045'),
('MPO310', '03', '2025-07-08 19:00:00.000', 1, 'MPO310-03-Fixed-000000046'),
('MPO310', '04', '2025-07-08 19:00:00.000', 1, 'MPO310-04-Fixed-000000047'),
('MPO310', '05', '2025-07-08 19:00:00.000', 1, 'MPO310-05-Fixed-000000048'),
('MPO310', '06', '2025-07-08 19:00:00.000', 1, 'MPO310-06-Fixed-000000049'),
('MPO310', '07', '2025-07-08 19:00:00.000', 1, 'MPO310-07-Fixed-000000050'),
('MPO310', '08', '2025-07-08 19:00:00.000', 1, 'MPO310-08-Fixed-000000051'),
('MPO310', '09', '2025-07-08 19:00:00.000', 1, 'MPO310-09-Fixed-000000052'),
('MPO310', '10', '2025-07-08 19:00:00.000', 1, 'MPO310-10-Fixed-000000053'),
('MPO310', '11', '2025-07-08 19:00:00.000', 1, 'MPO310-11-Fixed-000000054'),
('MPO310', '12', '2025-07-08 19:00:00.000', 1, 'MPO310-12-Fixed-000000055'),
('MPO310', '13', '2025-07-08 19:00:00.000', 1, 'MPO310-13-Fixed-000000056'),
('MPO310', '14', '2025-07-08 19:00:00.000', 1, 'MPO310-14-Fixed-000000057'),
('MPO310', '15', '2025-07-08 19:00:00.000', 1, 'MPO310-15-Fixed-000000058'),
('MPO310', '16', '2025-07-08 19:00:00.000', 1, 'MPO310-16-Fixed-000000059'),
('MPO310', '17', '2025-07-08 19:00:00.000', 1, 'MPO310-17-Fixed-000000060'),
('MPO310', '18', '2025-07-08 19:00:00.000', 1, 'MPO310-18-Fixed-000000061'),
('MPO310', '19', '2025-07-08 19:00:00.000', 1, 'MPO310-19-Fixed-000000062'),
('MPO310', '20', '2025-07-08 19:00:00.000', 1, 'MPO310-20-Fixed-000000063'),
('MPO310', '21', '2025-07-08 19:00:00.000', 1, 'MPO310-21-Fixed-000000064'),
('MPO310', '22', '2025-07-08 19:00:00.000', 1, 'MPO310-22-Fixed-000000065'),
('MPO310', '23', '2025-07-08 19:00:00.000', 1, 'MPO310-23-Fixed-000000066'),
('MPO310', '24', '2025-07-08 19:00:00.000', 1, 'MPO310-24-Fixed-000000067'),
('MPO310', '25', '2025-07-08 19:00:00.000', 1, 'MPO310-25-Fixed-000000068'),
('MPO310', '26', '2025-07-08 19:00:00.000', 1, 'MPO310-26-Fixed-000000069'),
('MPO310', '27', '2025-07-08 19:00:00.000', 1, 'MPO310-27-Fixed-000000070'),
('MPO310', '28', '2025-07-08 19:00:00.000', 1, 'MPO310-28-Fixed-000000071'),
('MPO310', '29', '2025-07-08 19:00:00.000', 1, 'MPO310-29-Fixed-000000072'),
('MPO310', '30', '2025-07-08 19:00:00.000', 1, 'MPO310-30-Fixed-000000073'),
('MPO310', '31', '2025-07-08 19:00:00.000', 1, 'MPO310-31-Fixed-000000074'),
('MPO310', '32', '2025-07-08 19:00:00.000', 1, 'MPO310-32-Fixed-000000075'),
('MPO310', '33', '2025-07-08 19:00:00.000', 1, 'MPO310-33-Fixed-000000076'),
('MPO310', '34', '2025-07-08 19:00:00.000', 1, 'MPO310-34-Fixed-000000077'),
('MPO310', '35', '2025-07-08 19:00:00.000', 1, 'MPO310-35-Fixed-000000078'),
('MPO310', '36', '2025-07-08 19:00:00.000', 1, 'MPO310-36-Fixed-000000079'),
('MPO310', '37', '2025-07-08 19:00:00.000', 1, 'MPO310-37-Fixed-000000080'),
('MPO310', '38', '2025-07-08 19:00:00.000', 1, 'MPO310-38-Fixed-000000081'),
('MPO310', '39', '2025-07-08 19:00:00.000', 1, 'MPO310-39-Fixed-000000082'),
('MPO310', '40', '2025-07-08 19:00:00.000', 1, 'MPO310-40-Fixed-000000083'),
('MPO310', '00', '2025-07-08 19:15:00.000', 1, 'MPO310-00-Fixed-000000084'),
('MPO310', '01', '2025-07-08 19:15:00.000', 1, 'MPO310-01-Fixed-000000085'),
('MPO310', '02', '2025-07-08 19:15:00.000', 1, 'MPO310-02-Fixed-000000086'),
('MPO310', '03', '2025-07-08 19:15:00.000', 1, 'MPO310-03-Fixed-000000087'),
('MPO310', '04', '2025-07-08 19:15:00.000', 1, 'MPO310-04-Fixed-000000088'),
('MPO310', '05', '2025-07-08 19:15:00.000', 1, 'MPO310-05-Fixed-000000089'),
('MPO310', '06', '2025-07-08 19:15:00.000', 1, 'MPO310-06-Fixed-000000090'),
('MPO310', '07', '2025-07-08 19:15:00.000', 1, 'MPO310-07-Fixed-000000091'),
('MPO310', '08', '2025-07-08 19:15:00.000', 1, 'MPO310-08-Fixed-000000092'),
('MPO310', '09', '2025-07-08 19:15:00.000', 1, 'MPO310-09-Fixed-000000093'),
('MPO310', '10', '2025-07-08 19:15:00.000', 1, 'MPO310-10-Fixed-000000094'),
('MPO310', '11', '2025-07-08 19:15:00.000', 1, 'MPO310-11-Fixed-000000095'),
('MPO310', '12', '2025-07-08 19:15:00.000', 1, 'MPO310-12-Fixed-000000096'),
('MPO310', '13', '2025-07-08 19:15:00.000', 1, 'MPO310-13-Fixed-000000097'),
('MPO310', '14', '2025-07-08 19:15:00.000', 1, 'MPO310-14-Fixed-000000098'),
('MPO310', '15', '2025-07-08 19:15:00.000', 1, 'MPO310-15-Fixed-000000099'),
('MPO310', '16', '2025-07-08 19:15:00.000', 1, 'MPO310-16-Fixed-000000100'),
('MPO310', '17', '2025-07-08 19:15:00.000', 1, 'MPO310-17-Fixed-000000101'),
('MPO310', '18', '2025-07-08 19:15:00.000', 1, 'MPO310-18-Fixed-000000102'),
('MPO310', '19', '2025-07-08 19:15:00.000', 1, 'MPO310-19-Fixed-000000103'),
('MPO310', '20', '2025-07-08 19:15:00.000', 1, 'MPO310-20-Fixed-000000104'),
('MPO310', '21', '2025-07-08 19:15:00.000', 1, 'MPO310-21-Fixed-000000105'),
('MPO310', '22', '2025-07-08 19:15:00.000', 1, 'MPO310-22-Fixed-000000106'),
('MPO310', '23', '2025-07-08 19:15:00.000', 1, 'MPO310-23-Fixed-000000107'),
('MPO310', '24', '2025-07-08 19:15:00.000', 1, 'MPO310-24-Fixed-000000108'),
('MPO310', '25', '2025-07-08 19:15:00.000', 1, 'MPO310-25-Fixed-000000109'),
('MPO310', '26', '2025-07-08 19:15:00.000', 1, 'MPO310-26-Fixed-000000110'),
('MPO310', '27', '2025-07-08 19:15:00.000', 1, 'MPO310-27-Fixed-000000111'),
('MPO310', '28', '2025-07-08 19:15:00.000', 1, 'MPO310-28-Fixed-000000112'),
('MPO310', '29', '2025-07-08 19:15:00.000', 1, 'MPO310-29-Fixed-000000113'),
('MPO310', '30', '2025-07-08 19:15:00.000', 1, 'MPO310-30-Fixed-000000114'),
('MPO310', '31', '2025-07-08 19:15:00.000', 1, 'MPO310-31-Fixed-000000115'),
('MPO310', '32', '2025-07-08 19:15:00.000', 1, 'MPO310-32-Fixed-000000116'),
('MPO310', '33', '2025-07-08 19:15:00.000', 1, 'MPO310-33-Fixed-000000117'),
('MPO310', '34', '2025-07-08 19:15:00.000', 1, 'MPO310-34-Fixed-000000118'),
('MPO310', '35', '2025-07-08 19:15:00.000', 1, 'MPO310-35-Fixed-000000119'),
('MPO310', '36', '2025-07-08 19:15:00.000', 1, 'MPO310-36-Fixed-000000120'),
('MPO310', '37', '2025-07-08 19:15:00.000', 1, 'MPO310-37-Fixed-000000121'),
('MPO310', '38', '2025-07-08 19:15:00.000', 1, 'MPO310-38-Fixed-000000122'),
('MPO310', '39', '2025-07-08 19:15:00.000', 1, 'MPO310-39-Fixed-000000123'),
('MPO310', '40', '2025-07-08 19:15:00.000', 1, 'MPO310-40-Fixed-000000124'),
('MPO310', '00', '2025-07-08 19:25:00.000', 1, 'MPO310-00-Fixed-000000126'),
('MPO310', '01', '2025-07-08 19:25:00.000', 1, 'MPO310-01-Fixed-000000127'),
('MPO310', '02', '2025-07-08 19:25:00.000', 1, 'MPO310-02-Fixed-000000128'),
('MPO310', '03', '2025-07-08 19:25:00.000', 1, 'MPO310-03-Fixed-000000129'),
('MPO310', '04', '2025-07-08 19:25:00.000', 1, 'MPO310-04-Fixed-000000130'),
('MPO310', '05', '2025-07-08 19:25:00.000', 1, 'MPO310-05-Fixed-000000131'),
('MPO310', '06', '2025-07-08 19:25:00.000', 1, 'MPO310-06-Fixed-000000132'),
('MPO310', '07', '2025-07-08 19:25:00.000', 1, 'MPO310-07-Fixed-000000133'),
('MPO310', '08', '2025-07-08 19:25:00.000', 1, 'MPO310-08-Fixed-000000134'),
('MPO310', '09', '2025-07-08 19:25:00.000', 1, 'MPO310-09-Fixed-000000135'),
('MPO310', '10', '2025-07-08 19:25:00.000', 1, 'MPO310-10-Fixed-000000136'),
('MPO310', '11', '2025-07-08 19:25:00.000', 1, 'MPO310-11-Fixed-000000137'),
('MPO310', '12', '2025-07-08 19:25:00.000', 1, 'MPO310-12-Fixed-000000138'),
('MPO310', '13', '2025-07-08 19:25:00.000', 1, 'MPO310-13-Fixed-000000139'),
('MPO310', '14', '2025-07-08 19:25:00.000', 1, 'MPO310-14-Fixed-000000140'),
('MPO310', '15', '2025-07-08 19:25:00.000', 1, 'MPO310-15-Fixed-000000141'),
('MPO310', '16', '2025-07-08 19:25:00.000', 1, 'MPO310-16-Fixed-000000142'),
('MPO310', '17', '2025-07-08 19:25:00.000', 1, 'MPO310-17-Fixed-000000143'),
('MPO310', '18', '2025-07-08 19:25:00.000', 1, 'MPO310-18-Fixed-000000144'),
('MPO310', '19', '2025-07-08 19:25:00.000', 1, 'MPO310-19-Fixed-000000145'),
('MPO310', '20', '2025-07-08 19:25:00.000', 1, 'MPO310-20-Fixed-000000146'),
('MPO310', '21', '2025-07-08 19:25:00.000', 1, 'MPO310-21-Fixed-000000147'),
('MPO310', '22', '2025-07-08 19:25:00.000', 1, 'MPO310-22-Fixed-000000148'),
('MPO310', '23', '2025-07-08 19:25:00.000', 1, 'MPO310-23-Fixed-000000149'),
('MPO310', '24', '2025-07-08 19:25:00.000', 1, 'MPO310-24-Fixed-000000150'),
('MPO310', '25', '2025-07-08 19:25:00.000', 1, 'MPO310-25-Fixed-000000151'),
('MPO310', '26', '2025-07-08 19:25:00.000', 1, 'MPO310-26-Fixed-000000152'),
('MPO310', '27', '2025-07-08 19:25:00.000', 1, 'MPO310-27-Fixed-000000153'),
('MPO310', '28', '2025-07-08 19:25:00.000', 1, 'MPO310-28-Fixed-000000154'),
('MPO310', '29', '2025-07-08 19:25:00.000', 1, 'MPO310-29-Fixed-000000155'),
('MPO310', '30', '2025-07-08 19:25:00.000', 1, 'MPO310-30-Fixed-000000156'),
('MPO310', '31', '2025-07-08 19:25:00.000', 1, 'MPO310-31-Fixed-000000157'),
('MPO310', '32', '2025-07-08 19:25:00.000', 1, 'MPO310-32-Fixed-000000158'),
('MPO310', '33', '2025-07-08 19:25:00.000', 1, 'MPO310-33-Fixed-000000159'),
('MPO310', '34', '2025-07-08 19:25:00.000', 1, 'MPO310-34-Fixed-000000160'),
('MPO310', '35', '2025-07-08 19:25:00.000', 1, 'MPO310-35-Fixed-000000161'),
('MPO310', '36', '2025-07-08 19:25:00.000', 1, 'MPO310-36-Fixed-000000162'),
('MPO310', '37', '2025-07-08 19:25:00.000', 1, 'MPO310-37-Fixed-000000163'),
('MPO310', '38', '2025-07-08 19:25:00.000', 1, 'MPO310-38-Fixed-000000164'),
('MPO310', '39', '2025-07-08 19:25:00.000', 1, 'MPO310-39-Fixed-000000165'),
('MPO310', '40', '2025-07-08 19:25:00.000', 1, 'MPO310-40-Fixed-000000166'),
('MPO310', '13', '2025-07-08 11:29:00.000', 1, 'MPO310-13-Defective-000000167'),
('MPO310', '06', '2025-07-08 11:38:00.000', 1, 'MPO310-06-Defective-000000168'),
('MPO310', '00', '2025-07-09 11:43:00.000', 1, 'MPO310-00-Fixed-000000170'),
('MPO310', '01', '2025-07-09 11:43:00.000', 1, 'MPO310-01-Fixed-000000171'),
('MPO310', '02', '2025-07-09 11:43:00.000', 1, 'MPO310-02-Fixed-000000172'),
('MPO310', '03', '2025-07-09 11:43:00.000', 1, 'MPO310-03-Fixed-000000173'),
('MPO310', '04', '2025-07-09 11:43:00.000', 1, 'MPO310-04-Fixed-000000174'),
('MPO310', '05', '2025-07-09 11:43:00.000', 1, 'MPO310-05-Fixed-000000175'),
('MPO310', '06', '2025-07-09 11:43:00.000', 1, 'MPO310-06-Fixed-000000176'),
('MPO310', '07', '2025-07-09 11:43:00.000', 1, 'MPO310-07-Fixed-000000177'),
('MPO310', '08', '2025-07-09 11:43:00.000', 1, 'MPO310-08-Fixed-000000178'),
('MPO310', '09', '2025-07-09 11:43:00.000', 1, 'MPO310-09-Fixed-000000179'),
('MPO310', '10', '2025-07-09 11:43:00.000', 1, 'MPO310-10-Fixed-000000180'),
('MPO310', '11', '2025-07-09 11:43:00.000', 1, 'MPO310-11-Fixed-000000181'),
('MPO310', '12', '2025-07-09 11:43:00.000', 1, 'MPO310-12-Fixed-000000182'),
('MPO310', '13', '2025-07-09 11:43:00.000', 1, 'MPO310-13-Fixed-000000183'),
('MPO310', '14', '2025-07-09 11:43:00.000', 1, 'MPO310-14-Fixed-000000184'),
('MPO310', '15', '2025-07-09 11:43:00.000', 1, 'MPO310-15-Fixed-000000185'),
('MPO310', '16', '2025-07-09 11:43:00.000', 1, 'MPO310-16-Fixed-000000186'),
('MPO310', '17', '2025-07-09 11:43:00.000', 1, 'MPO310-17-Fixed-000000187'),
('MPO310', '18', '2025-07-09 11:43:00.000', 1, 'MPO310-18-Fixed-000000188'),
('MPO310', '19', '2025-07-09 11:43:00.000', 1, 'MPO310-19-Fixed-000000189'),
('MPO310', '20', '2025-07-09 11:43:00.000', 1, 'MPO310-20-Fixed-000000190'),
('MPO310', '21', '2025-07-09 11:43:00.000', 1, 'MPO310-21-Fixed-000000191'),
('MPO310', '22', '2025-07-09 11:43:00.000', 1, 'MPO310-22-Fixed-000000192'),
('MPO310', '23', '2025-07-09 11:43:00.000', 1, 'MPO310-23-Fixed-000000193'),
('MPO310', '24', '2025-07-09 11:43:00.000', 1, 'MPO310-24-Fixed-000000194'),
('MPO310', '25', '2025-07-09 11:43:00.000', 1, 'MPO310-25-Fixed-000000195'),
('MPO310', '26', '2025-07-09 11:43:00.000', 1, 'MPO310-26-Fixed-000000196'),
('MPO310', '27', '2025-07-09 11:43:00.000', 1, 'MPO310-27-Fixed-000000197'),
('MPO310', '28', '2025-07-09 11:43:00.000', 1, 'MPO310-28-Fixed-000000198'),
('MPO310', '29', '2025-07-09 11:43:00.000', 1, 'MPO310-29-Fixed-000000199'),
('MPO310', '30', '2025-07-09 11:43:00.000', 1, 'MPO310-30-Fixed-000000200'),
('MPO310', '31', '2025-07-09 11:43:00.000', 1, 'MPO310-31-Fixed-000000201'),
('MPO310', '32', '2025-07-09 11:43:00.000', 1, 'MPO310-32-Fixed-000000202'),
('MPO310', '33', '2025-07-09 11:43:00.000', 1, 'MPO310-33-Fixed-000000203'),
('MPO310', '34', '2025-07-09 11:43:00.000', 1, 'MPO310-34-Fixed-000000204'),
('MPO310', '35', '2025-07-09 11:43:00.000', 1, 'MPO310-35-Fixed-000000205'),
('MPO310', '36', '2025-07-09 11:43:00.000', 1, 'MPO310-36-Fixed-000000206'),
('MPO310', '37', '2025-07-09 11:43:00.000', 1, 'MPO310-37-Fixed-000000207'),
('MPO310', '38', '2025-07-09 11:43:00.000', 1, 'MPO310-38-Fixed-000000208'),
('MPO310', '39', '2025-07-09 11:43:00.000', 1, 'MPO310-39-Fixed-000000209'),
('MPO310', '40', '2025-07-09 11:43:00.000', 1, 'MPO310-40-Fixed-000000210'),
('MPO310', '00', '2025-07-10 10:54:00.000', 2, 'MPO310-00-Fixed-000000211'),
('MPO310', '01', '2025-07-10 10:54:00.000', 2, 'MPO310-01-Fixed-000000212'),
('MPO310', '02', '2025-07-10 10:54:00.000', 2, 'MPO310-02-Fixed-000000213'),
('MPO310', '03', '2025-07-10 10:54:00.000', 2, 'MPO310-03-Fixed-000000214'),
('MPO310', '04', '2025-07-10 10:54:00.000', 2, 'MPO310-04-Fixed-000000215'),
('MPO310', '05', '2025-07-10 10:54:00.000', 2, 'MPO310-05-Fixed-000000216'),
('MPO310', '06', '2025-07-10 10:54:00.000', 2, 'MPO310-06-Fixed-000000217'),
('MPO310', '07', '2025-07-10 10:54:00.000', 2, 'MPO310-07-Fixed-000000218'),
('MPO310', '08', '2025-07-10 10:54:00.000', 2, 'MPO310-08-Fixed-000000219'),
('MPO310', '09', '2025-07-10 10:54:00.000', 2, 'MPO310-09-Fixed-000000220'),
('MPO310', '10', '2025-07-10 10:54:00.000', 2, 'MPO310-10-Fixed-000000221'),
('MPO310', '11', '2025-07-10 10:54:00.000', 2, 'MPO310-11-Fixed-000000222'),
('MPO310', '12', '2025-07-10 10:54:00.000', 2, 'MPO310-12-Fixed-000000223'),
('MPO310', '13', '2025-07-10 10:54:00.000', 2, 'MPO310-13-Fixed-000000224'),
('MPO310', '14', '2025-07-10 10:54:00.000', 2, 'MPO310-14-Fixed-000000225'),
('MPO310', '15', '2025-07-10 10:54:00.000', 2, 'MPO310-15-Fixed-000000226'),
('MPO310', '16', '2025-07-10 10:54:00.000', 2, 'MPO310-16-Fixed-000000227'),
('MPO310', '17', '2025-07-10 10:54:00.000', 2, 'MPO310-17-Fixed-000000228'),
('MPO310', '18', '2025-07-10 10:54:00.000', 2, 'MPO310-18-Fixed-000000229'),
('MPO310', '19', '2025-07-10 10:54:00.000', 2, 'MPO310-19-Fixed-000000230'),
('MPO310', '20', '2025-07-10 10:54:00.000', 2, 'MPO310-20-Fixed-000000231'),
('MPO310', '21', '2025-07-10 10:54:00.000', 2, 'MPO310-21-Fixed-000000232'),
('MPO310', '22', '2025-07-10 10:54:00.000', 2, 'MPO310-22-Fixed-000000233'),
('MPO310', '23', '2025-07-10 10:54:00.000', 2, 'MPO310-23-Fixed-000000234'),
('MPO310', '24', '2025-07-10 10:54:00.000', 2, 'MPO310-24-Fixed-000000235'),
('MPO310', '25', '2025-07-10 10:54:00.000', 2, 'MPO310-25-Fixed-000000236'),
('MPO310', '26', '2025-07-10 10:54:00.000', 2, 'MPO310-26-Fixed-000000237'),
('MPO310', '27', '2025-07-10 10:54:00.000', 2, 'MPO310-27-Fixed-000000238'),
('MPO310', '28', '2025-07-10 10:54:00.000', 2, 'MPO310-28-Fixed-000000239'),
('MPO310', '29', '2025-07-10 10:54:00.000', 2, 'MPO310-29-Fixed-000000240'),
('MPO310', '30', '2025-07-10 10:54:00.000', 2, 'MPO310-30-Fixed-000000241'),
('MPO310', '31', '2025-07-10 10:54:00.000', 2, 'MPO310-31-Fixed-000000242'),
('MPO310', '32', '2025-07-10 10:54:00.000', 2, 'MPO310-32-Fixed-000000243'),
('MPO310', '33', '2025-07-10 10:54:00.000', 2, 'MPO310-33-Fixed-000000244'),
('MPO310', '34', '2025-07-10 10:54:00.000', 2, 'MPO310-34-Fixed-000000245'),
('MPO310', '35', '2025-07-10 10:54:00.000', 2, 'MPO310-35-Fixed-000000246'),
('MPO310', '36', '2025-07-10 10:54:00.000', 2, 'MPO310-36-Fixed-000000247'),
('MPO310', '37', '2025-07-10 10:54:00.000', 2, 'MPO310-37-Fixed-000000248'),
('MPO310', '38', '2025-07-10 10:54:00.000', 2, 'MPO310-38-Fixed-000000249'),
('MPO310', '39', '2025-07-10 10:54:00.000', 2, 'MPO310-39-Fixed-000000250'),
('MPO310', '40', '2025-07-10 10:54:00.000', 2, 'MPO310-40-Fixed-000000251'),
('MPO311', '00', '2025-07-10 10:54:00.000', 2, 'MPO311-00-Fixed-000000252'),
('MPO311', '01', '2025-07-10 10:54:00.000', 2, 'MPO311-01-Fixed-000000253'),
('MPO311', '02', '2025-07-10 10:54:00.000', 2, 'MPO311-02-Fixed-000000254'),
('MPO311', '03', '2025-07-10 10:54:00.000', 2, 'MPO311-03-Fixed-000000255'),
('MPO311', '04', '2025-07-10 10:54:00.000', 2, 'MPO311-04-Fixed-000000256'),
('MPO311', '05', '2025-07-10 10:54:00.000', 2, 'MPO311-05-Fixed-000000257'),
('MPO311', '06', '2025-07-10 10:54:00.000', 2, 'MPO311-06-Fixed-000000258'),
('MPO311', '07', '2025-07-10 10:54:00.000', 2, 'MPO311-07-Fixed-000000259'),
('MPO311', '08', '2025-07-10 10:54:00.000', 2, 'MPO311-08-Fixed-000000260'),
('MPO311', '09', '2025-07-10 10:54:00.000', 2, 'MPO311-09-Fixed-000000261'),
('MPO311', '10', '2025-07-10 10:54:00.000', 2, 'MPO311-10-Fixed-000000262'),
('MPO311', '11', '2025-07-10 10:54:00.000', 2, 'MPO311-11-Fixed-000000263'),
('MPO311', '12', '2025-07-10 10:54:00.000', 2, 'MPO311-12-Fixed-000000264'),
('MPO311', '13', '2025-07-10 10:54:00.000', 2, 'MPO311-13-Fixed-000000265'),
('MPO311', '14', '2025-07-10 10:54:00.000', 2, 'MPO311-14-Fixed-000000266'),
('MPO311', '15', '2025-07-10 10:54:00.000', 2, 'MPO311-15-Fixed-000000267'),
('MPO311', '16', '2025-07-10 10:54:00.000', 2, 'MPO311-16-Fixed-000000268'),
('MPO311', '17', '2025-07-10 10:54:00.000', 2, 'MPO311-17-Fixed-000000269'),
('MPO311', '18', '2025-07-10 10:54:00.000', 2, 'MPO311-18-Fixed-000000270'),
('MPO311', '19', '2025-07-10 10:54:00.000', 2, 'MPO311-19-Fixed-000000271'),
('MPO311', '20', '2025-07-10 10:54:00.000', 2, 'MPO311-20-Fixed-000000272'),
('MPO311', '21', '2025-07-10 10:54:00.000', 2, 'MPO311-21-Fixed-000000273'),
('MPO311', '22', '2025-07-10 10:54:00.000', 2, 'MPO311-22-Fixed-000000274'),
('MPO311', '23', '2025-07-10 10:54:00.000', 2, 'MPO311-23-Fixed-000000275'),
('MPO311', '24', '2025-07-10 10:54:00.000', 2, 'MPO311-24-Fixed-000000276'),
('MPO311', '25', '2025-07-10 10:54:00.000', 2, 'MPO311-25-Fixed-000000277'),
('MPO311', '26', '2025-07-10 10:54:00.000', 2, 'MPO311-26-Fixed-000000278'),
('MPO311', '27', '2025-07-10 10:54:00.000', 2, 'MPO311-27-Fixed-000000279'),
('MPO311', '28', '2025-07-10 10:54:00.000', 2, 'MPO311-28-Fixed-000000280'),
('MPO311', '29', '2025-07-10 10:54:00.000', 2, 'MPO311-29-Fixed-000000281'),
('MPO311', '30', '2025-07-10 10:54:00.000', 2, 'MPO311-30-Fixed-000000282'),
('MPO311', '31', '2025-07-10 10:54:00.000', 2, 'MPO311-31-Fixed-000000283'),
('MPO311', '32', '2025-07-10 10:54:00.000', 2, 'MPO311-32-Fixed-000000284'),
('MPO311', '33', '2025-07-10 10:54:00.000', 2, 'MPO311-33-Fixed-000000285'),
('MPO311', '34', '2025-07-10 10:54:00.000', 2, 'MPO311-34-Fixed-000000286'),
('MPO311', '35', '2025-07-10 10:54:00.000', 2, 'MPO311-35-Fixed-000000287'),
('MPO311', '36', '2025-07-10 10:54:00.000', 2, 'MPO311-36-Fixed-000000288'),
('MPO311', '37', '2025-07-10 10:54:00.000', 2, 'MPO311-37-Fixed-000000289'),
('MPO311', '38', '2025-07-10 10:54:00.000', 2, 'MPO311-38-Fixed-000000290'),
('MPO311', '39', '2025-07-10 10:54:00.000', 2, 'MPO311-39-Fixed-000000291'),
('MPO311', '40', '2025-07-10 10:54:00.000', 2, 'MPO311-40-Fixed-000000292');

-- data for table `room`
INSERT INTO `room` (`RoomID`, `Room_Config`, `PC_NUM`) VALUES
('MPO310', 1, 41),
('MPO311', 2, 41);

-- data for table `users`
INSERT INTO `users` (`FirstName`, `LastName`, `Email`, `ContactNo`, `PasswordHash`, `Role`, `CreatedAt`) VALUES
('Mark Francis James', 'Bona', 'markbona1203@gmail.com', '09989750452', '$2b$10$28Sv80PSueZMABtUDr6y8.G7yElz6KhLsDGSB.ReKYugfPXq0zRiW', 'Admin', '2025-07-08 18:54:39.000'),
('Sean David', 'Villar', 'seanvillar@gmail.com', '09', '$2b$10$Se2Z7XSExh46d005.PzQSeqyAC3NqBhQxUf2pf5o/yddtBjrhHYVq', 'Admin', '2025-07-09 21:53:29.000');

SET FOREIGN_KEY_CHECKS=1;
